currentWord	currentWordCount	targetNodeAtt	episodeNumber
episodio	1	Episode Num	20
episodio	1	Episode Num	29
episodio	1	Episode Num	30
episodio	1	Episode Num	32
episodio	1	Episode Num	39
episodio	1	Episode Num	18
episodio	1	Episode Num	38
episodio	1	Episode Num	35
episodio	1	Episode Num	05
episodio	1	Episode Num	26
episodio	1	Episode Num	34
episodio	1	Episode Num	37
episodio	1	Episode Num	07
episodio	1	Episode Num	09
episodio	1	Episode Num	14
episodio	1	Episode Num	22
episodio	1	Episode Num	31
episodio	1	Episode Num	01
episodio	1	Episode Num	25
episodio	1	Episode Num	15
episodio	1	Episode Num	10
episodio	1	Episode Num	19
episodio	1	Episode Num	24
episodio	1	Episode Num	33
episodio	1	Episode Num	27
episodio	1	Episode Num	17
episodio	1	Episode Num	12
episodio	1	Episode Num	11
episodio	1	Episode Num	23
episodio	1	Episode Num	06
episodio	1	Episode Num	36
episodio	1	Episode Num	13
final	4	Episode Num	20
final	2	Episode Num	08
final	1	Episode Num	32
final	4	Episode Num	18
final	2	Episode Num	38
final	1	Episode Num	26
final	2	Episode Num	09
final	1	Episode Num	28
final	2	Episode Num	21
final	1	Episode Num	31
final	1	Episode Num	01
final	1	Episode Num	15
final	2	Episode Num	13
final	3	Episode Num	10
final	2	Episode Num	33
final	2	Episode Num	27
final	1	Episode Num	03
final	1	Episode Num	11
final	1	Episode Num	23
final	3	Episode Num	06
final	1	Episode Num	28
mission	12	Episode Num	20
mission	2	Episode Num	16
mission	1	Episode Num	32
mission	2	Episode Num	18
mission	1	Episode Num	26
mission	4	Episode Num	07
mission	1	Episode Num	09
mission	1	Episode Num	14
mission	3	Episode Num	21
mission	3	Episode Num	15
mission	1	Episode Num	13
mission	1	Episode Num	03
mission	2	Episode Num	12
mission	3	Episode Num	21
mission	1	Episode Num	11
mission	5	Episode Num	28
mission	5	Episode Num	13
from	15	Episode Num	20
from	16	Episode Num	29
from	8	Episode Num	08
from	9	Episode Num	16
from	9	Episode Num	30
from	17	Episode Num	32
from	9	Episode Num	39
from	12	Episode Num	18
from	5	Episode Num	38
from	11	Episode Num	35
from	14	Episode Num	05
from	12	Episode Num	26
from	9	Episode Num	34
from	7	Episode Num	37
from	11	Episode Num	07
from	10	Episode Num	09
from	6	Episode Num	14
from	14	Episode Num	28
from	11	Episode Num	22
from	9	Episode Num	21
from	4	Episode Num	31
from	5	Episode Num	04
from	1	Episode Num	25
from	5	Episode Num	15
from	7	Episode Num	13
from	13	Episode Num	10
from	5	Episode Num	19
from	8	Episode Num	24
from	7	Episode Num	33
from	12	Episode Num	27
from	10	Episode Num	17
from	7	Episode Num	03
from	13	Episode Num	12
from	8	Episode Num	21
from	5	Episode Num	02
from	16	Episode Num	11
from	16	Episode Num	23
from	10	Episode Num	06
from	4	Episode Num	28
from	12	Episode Num	36
from	13	Episode Num	13
boss	16	Episode Num	20
boss	12	Episode Num	29
boss	2	Episode Num	16
boss	4	Episode Num	30
boss	5	Episode Num	32
boss	4	Episode Num	18
boss	8	Episode Num	35
boss	8	Episode Num	05
boss	8	Episode Num	26
boss	15	Episode Num	34
boss	3	Episode Num	37
boss	35	Episode Num	09
boss	8	Episode Num	14
boss	6	Episode Num	28
boss	14	Episode Num	22
boss	12	Episode Num	21
boss	2	Episode Num	31
boss	3	Episode Num	01
boss	3	Episode Num	25
boss	3	Episode Num	15
boss	9	Episode Num	13
boss	9	Episode Num	10
boss	2	Episode Num	19
boss	6	Episode Num	24
boss	9	Episode Num	33
boss	21	Episode Num	27
boss	2	Episode Num	17
boss	4	Episode Num	03
boss	3	Episode Num	12
boss	22	Episode Num	21
boss	3	Episode Num	02
boss	15	Episode Num	11
boss	5	Episode Num	23
boss	23	Episode Num	28
boss	9	Episode Num	36
boss	1	Episode Num	13
how	6	Episode Num	20
how	6	Episode Num	29
how	11	Episode Num	08
how	11	Episode Num	16
how	10	Episode Num	30
how	6	Episode Num	32
how	11	Episode Num	39
how	8	Episode Num	18
how	10	Episode Num	38
how	7	Episode Num	35
how	9	Episode Num	05
how	10	Episode Num	26
how	10	Episode Num	34
how	6	Episode Num	37
how	8	Episode Num	07
how	17	Episode Num	09
how	9	Episode Num	14
how	10	Episode Num	28
how	5	Episode Num	22
how	11	Episode Num	21
how	13	Episode Num	31
how	20	Episode Num	01
how	3	Episode Num	04
how	4	Episode Num	25
how	4	Episode Num	15
how	4	Episode Num	13
how	19	Episode Num	10
how	11	Episode Num	19
how	8	Episode Num	24
how	16	Episode Num	33
how	18	Episode Num	27
how	11	Episode Num	17
how	8	Episode Num	03
how	6	Episode Num	12
how	8	Episode Num	21
how	8	Episode Num	02
how	9	Episode Num	11
how	4	Episode Num	23
how	8	Episode Num	06
how	9	Episode Num	28
how	9	Episode Num	36
how	4	Episode Num	13
much	3	Episode Num	20
much	1	Episode Num	29
much	4	Episode Num	08
much	1	Episode Num	16
much	1	Episode Num	30
much	2	Episode Num	32
much	1	Episode Num	18
much	2	Episode Num	38
much	1	Episode Num	35
much	3	Episode Num	05
much	2	Episode Num	26
much	4	Episode Num	34
much	1	Episode Num	07
much	1	Episode Num	09
much	1	Episode Num	14
much	1	Episode Num	28
much	2	Episode Num	21
much	1	Episode Num	31
much	2	Episode Num	01
much	3	Episode Num	04
much	2	Episode Num	15
much	2	Episode Num	13
much	5	Episode Num	10
much	2	Episode Num	19
much	1	Episode Num	24
much	2	Episode Num	33
much	2	Episode Num	27
much	2	Episode Num	17
much	1	Episode Num	03
much	1	Episode Num	12
much	2	Episode Num	02
much	1	Episode Num	11
much	1	Episode Num	23
much	2	Episode Num	06
much	1	Episode Num	36
much	2	Episode Num	13
longer	1	Episode Num	20
longer	1	Episode Num	08
longer	1	Episode Num	30
longer	2	Episode Num	32
longer	1	Episode Num	39
longer	1	Episode Num	18
longer	2	Episode Num	35
longer	1	Episode Num	34
longer	2	Episode Num	09
longer	2	Episode Num	14
longer	3	Episode Num	28
longer	1	Episode Num	31
longer	1	Episode Num	15
longer	1	Episode Num	10
longer	1	Episode Num	24
longer	4	Episode Num	33
longer	1	Episode Num	27
longer	1	Episode Num	17
longer	1	Episode Num	11
till	4	Episode Num	20
till	4	Episode Num	08
till	3	Episode Num	16
till	4	Episode Num	30
till	4	Episode Num	32
till	6	Episode Num	39
till	8	Episode Num	18
till	4	Episode Num	38
till	1	Episode Num	35
till	2	Episode Num	34
till	3	Episode Num	37
till	1	Episode Num	07
till	1	Episode Num	09
till	2	Episode Num	14
till	4	Episode Num	28
till	3	Episode Num	22
till	2	Episode Num	21
till	5	Episode Num	31
till	5	Episode Num	04
till	3	Episode Num	25
till	3	Episode Num	15
till	4	Episode Num	13
till	2	Episode Num	10
till	7	Episode Num	19
till	4	Episode Num	24
till	3	Episode Num	33
till	2	Episode Num	27
till	1	Episode Num	17
till	3	Episode Num	03
till	2	Episode Num	12
till	7	Episode Num	21
till	2	Episode Num	02
till	2	Episode Num	11
till	4	Episode Num	23
till	2	Episode Num	06
till	1	Episode Num	28
till	8	Episode Num	36
till	1	Episode Num	13
get	9	Episode Num	20
get	10	Episode Num	29
get	16	Episode Num	08
get	13	Episode Num	16
get	21	Episode Num	30
get	12	Episode Num	32
get	8	Episode Num	39
get	24	Episode Num	18
get	11	Episode Num	38
get	13	Episode Num	35
get	11	Episode Num	05
get	14	Episode Num	26
get	8	Episode Num	34
get	3	Episode Num	37
get	17	Episode Num	07
get	13	Episode Num	09
get	15	Episode Num	14
get	19	Episode Num	28
get	10	Episode Num	22
get	15	Episode Num	21
get	8	Episode Num	31
get	21	Episode Num	01
get	7	Episode Num	04
get	9	Episode Num	25
get	14	Episode Num	15
get	14	Episode Num	13
get	22	Episode Num	10
get	25	Episode Num	19
get	23	Episode Num	24
get	10	Episode Num	33
get	17	Episode Num	27
get	17	Episode Num	17
get	5	Episode Num	03
get	22	Episode Num	12
get	13	Episode Num	21
get	10	Episode Num	02
get	21	Episode Num	11
get	12	Episode Num	23
get	9	Episode Num	06
get	13	Episode Num	28
get	17	Episode Num	36
get	20	Episode Num	13
there	22	Episode Num	20
there	19	Episode Num	29
there	9	Episode Num	08
there	10	Episode Num	16
there	13	Episode Num	30
there	14	Episode Num	32
there	6	Episode Num	39
there	14	Episode Num	18
there	9	Episode Num	38
there	10	Episode Num	35
there	17	Episode Num	05
there	17	Episode Num	26
there	17	Episode Num	34
there	7	Episode Num	37
there	30	Episode Num	07
there	10	Episode Num	09
there	28	Episode Num	14
there	15	Episode Num	28
there	25	Episode Num	22
there	6	Episode Num	21
there	13	Episode Num	31
there	12	Episode Num	01
there	11	Episode Num	04
there	7	Episode Num	25
there	9	Episode Num	15
there	16	Episode Num	13
there	13	Episode Num	10
there	13	Episode Num	19
there	19	Episode Num	24
there	22	Episode Num	33
there	30	Episode Num	27
there	14	Episode Num	17
there	10	Episode Num	03
there	20	Episode Num	12
there	9	Episode Num	21
there	9	Episode Num	02
there	8	Episode Num	11
there	27	Episode Num	23
there	19	Episode Num	06
there	13	Episode Num	28
there	15	Episode Num	36
there	11	Episode Num	13
we're	4	Episode Num	20
we're	5	Episode Num	29
we're	2	Episode Num	08
we're	1	Episode Num	16
we're	6	Episode Num	30
we're	1	Episode Num	32
we're	3	Episode Num	39
we're	9	Episode Num	18
we're	3	Episode Num	38
we're	1	Episode Num	35
we're	13	Episode Num	05
we're	1	Episode Num	26
we're	3	Episode Num	34
we're	1	Episode Num	37
we're	3	Episode Num	07
we're	7	Episode Num	09
we're	12	Episode Num	14
we're	3	Episode Num	28
we're	6	Episode Num	22
we're	4	Episode Num	21
we're	4	Episode Num	31
we're	1	Episode Num	01
we're	7	Episode Num	25
we're	4	Episode Num	15
we're	2	Episode Num	13
we're	4	Episode Num	10
we're	6	Episode Num	19
we're	3	Episode Num	24
we're	1	Episode Num	33
we're	2	Episode Num	27
we're	4	Episode Num	17
we're	8	Episode Num	12
we're	6	Episode Num	21
we're	3	Episode Num	11
we're	3	Episode Num	23
we're	2	Episode Num	06
we're	5	Episode Num	28
we're	7	Episode Num	36
we're	3	Episode Num	13
almost	2	Episode Num	20
almost	1	Episode Num	29
almost	1	Episode Num	16
almost	1	Episode Num	30
almost	1	Episode Num	39
almost	2	Episode Num	21
almost	1	Episode Num	01
almost	1	Episode Num	25
almost	1	Episode Num	19
almost	1	Episode Num	17
almost	1	Episode Num	03
almost	1	Episode Num	23
almost	1	Episode Num	28
almost	1	Episode Num	36
rialto	1	Episode Num	20
bridge	1	Episode Num	20
bridge	2	Episode Num	18
it'll	1	Episode Num	20
it'll	4	Episode Num	08
it'll	1	Episode Num	39
it'll	1	Episode Num	18
it'll	3	Episode Num	35
it'll	1	Episode Num	05
it'll	2	Episode Num	07
it'll	2	Episode Num	09
it'll	2	Episode Num	28
it'll	1	Episode Num	22
it'll	2	Episode Num	04
it'll	2	Episode Num	25
it'll	4	Episode Num	13
it'll	2	Episode Num	10
it'll	2	Episode Num	19
it'll	2	Episode Num	24
it'll	2	Episode Num	27
it'll	1	Episode Num	03
it'll	2	Episode Num	12
it'll	2	Episode Num	11
it'll	2	Episode Num	23
it'll	1	Episode Num	06
it'll	3	Episode Num	36
least	1	Episode Num	20
least	2	Episode Num	29
least	1	Episode Num	08
least	1	Episode Num	39
least	1	Episode Num	38
least	3	Episode Num	07
least	1	Episode Num	09
least	1	Episode Num	22
least	2	Episode Num	21
least	1	Episode Num	01
least	1	Episode Num	04
least	1	Episode Num	25
least	2	Episode Num	10
least	1	Episode Num	19
least	1	Episode Num	27
least	3	Episode Num	02
least	1	Episode Num	36
another	1	Episode Num	20
another	1	Episode Num	29
another	3	Episode Num	08
another	2	Episode Num	16
another	1	Episode Num	30
another	2	Episode Num	39
another	1	Episode Num	18
another	1	Episode Num	35
another	1	Episode Num	05
another	1	Episode Num	26
another	1	Episode Num	34
another	1	Episode Num	09
another	2	Episode Num	14
another	1	Episode Num	22
another	1	Episode Num	04
another	1	Episode Num	25
another	1	Episode Num	15
another	2	Episode Num	13
another	1	Episode Num	19
another	2	Episode Num	24
another	3	Episode Num	33
another	3	Episode Num	17
another	1	Episode Num	03
another	1	Episode Num	21
another	3	Episode Num	02
another	3	Episode Num	23
another	1	Episode Num	06
another	1	Episode Num	28
another	3	Episode Num	36
another	2	Episode Num	13
five	2	Episode Num	20
five	1	Episode Num	08
five	1	Episode Num	32
five	1	Episode Num	18
five	1	Episode Num	38
five	9	Episode Num	05
five	2	Episode Num	07
five	1	Episode Num	28
five	1	Episode Num	22
five	2	Episode Num	21
five	6	Episode Num	31
five	3	Episode Num	15
five	1	Episode Num	13
five	1	Episode Num	19
five	1	Episode Num	33
five	2	Episode Num	12
five	1	Episode Num	21
five	1	Episode Num	23
five	2	Episode Num	06
five	1	Episode Num	28
five	1	Episode Num	36
minutes	2	Episode Num	20
minutes	1	Episode Num	29
minutes	1	Episode Num	16
minutes	4	Episode Num	07
minutes	1	Episode Num	09
minutes	3	Episode Num	14
minutes	1	Episode Num	28
minutes	1	Episode Num	13
minutes	1	Episode Num	10
minutes	1	Episode Num	24
minutes	1	Episode Num	17
minutes	1	Episode Num	03
minutes	1	Episode Num	12
minutes	2	Episode Num	11
minutes	2	Episode Num	23
minutes	2	Episode Num	06
all	22	Episode Num	20
all	20	Episode Num	29
all	20	Episode Num	08
all	18	Episode Num	16
all	25	Episode Num	30
all	20	Episode Num	32
all	22	Episode Num	39
all	13	Episode Num	18
all	24	Episode Num	38
all	20	Episode Num	35
all	26	Episode Num	05
all	15	Episode Num	26
all	24	Episode Num	34
all	16	Episode Num	37
all	16	Episode Num	07
all	34	Episode Num	09
all	24	Episode Num	14
all	23	Episode Num	28
all	25	Episode Num	22
all	27	Episode Num	21
all	23	Episode Num	31
all	24	Episode Num	01
all	17	Episode Num	04
all	20	Episode Num	25
all	25	Episode Num	15
all	25	Episode Num	13
all	29	Episode Num	10
all	13	Episode Num	19
all	19	Episode Num	24
all	21	Episode Num	33
all	21	Episode Num	27
all	16	Episode Num	17
all	24	Episode Num	03
all	19	Episode Num	12
all	29	Episode Num	21
all	20	Episode Num	02
all	32	Episode Num	11
all	19	Episode Num	23
all	27	Episode Num	06
all	17	Episode Num	28
all	15	Episode Num	36
all	20	Episode Num	13
right	24	Episode Num	20
right	8	Episode Num	29
right	12	Episode Num	08
right	14	Episode Num	16
right	18	Episode Num	30
right	6	Episode Num	32
right	13	Episode Num	39
right	7	Episode Num	18
right	15	Episode Num	38
right	7	Episode Num	35
right	13	Episode Num	05
right	9	Episode Num	26
right	9	Episode Num	34
right	5	Episode Num	37
right	11	Episode Num	07
right	16	Episode Num	09
right	7	Episode Num	14
right	23	Episode Num	28
right	11	Episode Num	22
right	15	Episode Num	21
right	11	Episode Num	31
right	14	Episode Num	01
right	11	Episode Num	04
right	7	Episode Num	25
right	9	Episode Num	15
right	11	Episode Num	13
right	6	Episode Num	10
right	9	Episode Num	19
right	10	Episode Num	24
right	15	Episode Num	33
right	13	Episode Num	27
right	9	Episode Num	17
right	8	Episode Num	03
right	15	Episode Num	12
right	17	Episode Num	21
right	6	Episode Num	02
right	5	Episode Num	11
right	9	Episode Num	23
right	18	Episode Num	06
right	15	Episode Num	28
right	10	Episode Num	36
right	2	Episode Num	13
keep	4	Episode Num	20
keep	1	Episode Num	29
keep	4	Episode Num	08
keep	1	Episode Num	30
keep	3	Episode Num	39
keep	3	Episode Num	18
keep	2	Episode Num	35
keep	3	Episode Num	05
keep	3	Episode Num	26
keep	1	Episode Num	37
keep	2	Episode Num	07
keep	1	Episode Num	09
keep	2	Episode Num	14
keep	1	Episode Num	28
keep	4	Episode Num	22
keep	2	Episode Num	21
keep	1	Episode Num	31
keep	2	Episode Num	01
keep	2	Episode Num	04
keep	2	Episode Num	25
keep	1	Episode Num	15
keep	2	Episode Num	13
keep	1	Episode Num	24
keep	2	Episode Num	33
keep	1	Episode Num	27
keep	1	Episode Num	17
keep	1	Episode Num	12
keep	2	Episode Num	21
keep	2	Episode Num	02
keep	1	Episode Num	06
keep	1	Episode Num	28
keep	3	Episode Num	36
going	18	Episode Num	20
going	8	Episode Num	29
going	11	Episode Num	08
going	22	Episode Num	16
going	17	Episode Num	30
going	11	Episode Num	32
going	10	Episode Num	39
going	13	Episode Num	18
going	5	Episode Num	38
going	10	Episode Num	35
going	20	Episode Num	05
going	4	Episode Num	26
going	8	Episode Num	34
going	9	Episode Num	37
going	13	Episode Num	07
going	11	Episode Num	09
going	10	Episode Num	14
going	9	Episode Num	28
going	12	Episode Num	22
going	15	Episode Num	21
going	7	Episode Num	31
going	6	Episode Num	01
going	11	Episode Num	04
going	16	Episode Num	25
going	7	Episode Num	15
going	14	Episode Num	13
going	7	Episode Num	10
going	5	Episode Num	19
going	10	Episode Num	24
going	8	Episode Num	33
going	28	Episode Num	27
going	10	Episode Num	17
going	12	Episode Num	03
going	10	Episode Num	12
going	19	Episode Num	21
going	17	Episode Num	02
going	12	Episode Num	11
going	12	Episode Num	23
going	6	Episode Num	06
going	25	Episode Num	28
going	12	Episode Num	36
going	13	Episode Num	13
bucciarati	20	Episode Num	20
bucciarati	8	Episode Num	29
bucciarati	2	Episode Num	08
bucciarati	26	Episode Num	16
bucciarati	19	Episode Num	30
bucciarati	12	Episode Num	32
bucciarati	35	Episode Num	39
bucciarati	6	Episode Num	18
bucciarati	7	Episode Num	38
bucciarati	13	Episode Num	35
bucciarati	22	Episode Num	05
bucciarati	11	Episode Num	34
bucciarati	8	Episode Num	37
bucciarati	11	Episode Num	07
bucciarati	20	Episode Num	09
bucciarati	13	Episode Num	14
bucciarati	15	Episode Num	28
bucciarati	8	Episode Num	22
bucciarati	14	Episode Num	21
bucciarati	5	Episode Num	31
bucciarati	1	Episode Num	01
bucciarati	1	Episode Num	04
bucciarati	7	Episode Num	25
bucciarati	13	Episode Num	15
bucciarati	12	Episode Num	13
bucciarati	2	Episode Num	10
bucciarati	4	Episode Num	19
bucciarati	2	Episode Num	24
bucciarati	17	Episode Num	33
bucciarati	1	Episode Num	27
bucciarati	19	Episode Num	17
bucciarati	3	Episode Num	03
bucciarati	4	Episode Num	12
bucciarati	30	Episode Num	21
bucciarati	4	Episode Num	02
bucciarati	7	Episode Num	11
bucciarati	2	Episode Num	23
bucciarati	10	Episode Num	06
bucciarati	7	Episode Num	28
bucciarati	6	Episode Num	36
bucciarati	1	Episode Num	13
i'm	10	Episode Num	20
i'm	9	Episode Num	29
i'm	17	Episode Num	08
i'm	21	Episode Num	16
i'm	11	Episode Num	30
i'm	15	Episode Num	32
i'm	6	Episode Num	39
i'm	15	Episode Num	18
i'm	12	Episode Num	38
i'm	8	Episode Num	35
i'm	14	Episode Num	05
i'm	13	Episode Num	26
i'm	13	Episode Num	34
i'm	7	Episode Num	37
i'm	7	Episode Num	07
i'm	19	Episode Num	09
i'm	17	Episode Num	14
i'm	14	Episode Num	28
i'm	13	Episode Num	22
i'm	14	Episode Num	21
i'm	14	Episode Num	31
i'm	17	Episode Num	01
i'm	8	Episode Num	04
i'm	10	Episode Num	25
i'm	13	Episode Num	15
i'm	10	Episode Num	13
i'm	14	Episode Num	10
i'm	15	Episode Num	19
i'm	7	Episode Num	24
i'm	10	Episode Num	33
i'm	17	Episode Num	27
i'm	13	Episode Num	17
i'm	12	Episode Num	03
i'm	10	Episode Num	12
i'm	14	Episode Num	21
i'm	17	Episode Num	02
i'm	11	Episode Num	11
i'm	13	Episode Num	23
i'm	12	Episode Num	06
i'm	27	Episode Num	28
i'm	17	Episode Num	36
i'm	12	Episode Num	13
reconfirming	1	Episode Num	20
now	33	Episode Num	20
now	28	Episode Num	29
now	17	Episode Num	08
now	25	Episode Num	16
now	20	Episode Num	30
now	21	Episode Num	32
now	18	Episode Num	39
now	13	Episode Num	18
now	11	Episode Num	38
now	14	Episode Num	35
now	28	Episode Num	05
now	19	Episode Num	26
now	12	Episode Num	34
now	12	Episode Num	37
now	20	Episode Num	07
now	36	Episode Num	09
now	9	Episode Num	14
now	15	Episode Num	28
now	20	Episode Num	22
now	13	Episode Num	21
now	12	Episode Num	31
now	15	Episode Num	01
now	13	Episode Num	04
now	16	Episode Num	25
now	12	Episode Num	15
now	13	Episode Num	13
now	8	Episode Num	10
now	18	Episode Num	19
now	11	Episode Num	24
now	19	Episode Num	33
now	24	Episode Num	27
now	15	Episode Num	17
now	11	Episode Num	03
now	19	Episode Num	12
now	30	Episode Num	21
now	16	Episode Num	02
now	23	Episode Num	11
now	17	Episode Num	23
now	15	Episode Num	06
now	17	Episode Num	28
now	11	Episode Num	36
now	16	Episode Num	13
thank	2	Episode Num	20
thank	1	Episode Num	29
thank	1	Episode Num	08
thank	3	Episode Num	16
thank	1	Episode Num	39
thank	1	Episode Num	18
thank	10	Episode Num	05
thank	3	Episode Num	37
thank	3	Episode Num	09
thank	2	Episode Num	14
thank	4	Episode Num	28
thank	6	Episode Num	01
thank	1	Episode Num	04
thank	11	Episode Num	15
thank	1	Episode Num	10
thank	1	Episode Num	19
thank	4	Episode Num	33
thank	1	Episode Num	17
thank	4	Episode Num	03
thank	2	Episode Num	21
thank	2	Episode Num	02
thank	1	Episode Num	11
thank	3	Episode Num	28
thank	1	Episode Num	36
thank	1	Episode Num	13
protecting	1	Episode Num	20
protecting	1	Episode Num	32
protecting	1	Episode Num	14
protecting	1	Episode Num	12
protecting	1	Episode Num	11
protecting	1	Episode Num	13
daughter	8	Episode Num	20
daughter	2	Episode Num	29
daughter	1	Episode Num	16
daughter	5	Episode Num	39
daughter	1	Episode Num	18
daughter	11	Episode Num	38
daughter	3	Episode Num	26
daughter	3	Episode Num	37
daughter	14	Episode Num	09
daughter	5	Episode Num	14
daughter	6	Episode Num	21
daughter	1	Episode Num	25
daughter	1	Episode Num	15
daughter	4	Episode Num	13
daughter	3	Episode Num	10
daughter	1	Episode Num	24
daughter	2	Episode Num	33
daughter	3	Episode Num	27
daughter	1	Episode Num	17
daughter	2	Episode Num	12
daughter	3	Episode Num	21
daughter	9	Episode Num	11
daughter	16	Episode Num	28
daughter	3	Episode Num	36
daughter	1	Episode Num	13
trish	13	Episode Num	20
trish	3	Episode Num	29
trish	5	Episode Num	16
trish	1	Episode Num	30
trish	6	Episode Num	39
trish	8	Episode Num	18
trish	9	Episode Num	35
trish	2	Episode Num	26
trish	6	Episode Num	34
trish	8	Episode Num	37
trish	12	Episode Num	09
trish	3	Episode Num	14
trish	5	Episode Num	28
trish	8	Episode Num	22
trish	4	Episode Num	21
trish	1	Episode Num	31
trish	16	Episode Num	25
trish	5	Episode Num	15
trish	4	Episode Num	13
trish	1	Episode Num	19
trish	4	Episode Num	24
trish	10	Episode Num	33
trish	12	Episode Num	17
trish	14	Episode Num	21
trish	3	Episode Num	11
trish	16	Episode Num	28
trish	8	Episode Num	36
bottom	2	Episode Num	20
bottom	1	Episode Num	18
bottom	1	Episode Num	04
bottom	1	Episode Num	13
bottom	1	Episode Num	21
bottom	1	Episode Num	23
bottom	1	Episode Num	06
heart	2	Episode Num	20
heart	1	Episode Num	29
heart	1	Episode Num	08
heart	14	Episode Num	16
heart	1	Episode Num	30
heart	1	Episode Num	32
heart	2	Episode Num	18
heart	1	Episode Num	38
heart	2	Episode Num	26
heart	2	Episode Num	37
heart	1	Episode Num	07
heart	1	Episode Num	28
heart	1	Episode Num	22
heart	5	Episode Num	21
heart	2	Episode Num	04
heart	2	Episode Num	15
heart	1	Episode Num	19
heart	1	Episode Num	24
heart	3	Episode Num	33
heart	2	Episode Num	12
heart	1	Episode Num	21
heart	2	Episode Num	02
heart	1	Episode Num	06
heart	2	Episode Num	28
heart	1	Episode Num	13
i'll	15	Episode Num	20
i'll	3	Episode Num	29
i'll	4	Episode Num	08
i'll	7	Episode Num	16
i'll	7	Episode Num	30
i'll	10	Episode Num	32
i'll	5	Episode Num	39
i'll	12	Episode Num	18
i'll	7	Episode Num	38
i'll	3	Episode Num	35
i'll	8	Episode Num	05
i'll	14	Episode Num	26
i'll	2	Episode Num	34
i'll	1	Episode Num	37
i'll	13	Episode Num	07
i'll	10	Episode Num	09
i'll	4	Episode Num	14
i'll	8	Episode Num	28
i'll	4	Episode Num	22
i'll	11	Episode Num	21
i'll	9	Episode Num	31
i'll	16	Episode Num	01
i'll	10	Episode Num	04
i'll	7	Episode Num	25
i'll	3	Episode Num	15
i'll	5	Episode Num	13
i'll	2	Episode Num	10
i'll	5	Episode Num	19
i'll	2	Episode Num	24
i'll	2	Episode Num	33
i'll	7	Episode Num	27
i'll	4	Episode Num	17
i'll	11	Episode Num	03
i'll	7	Episode Num	12
i'll	7	Episode Num	21
i'll	7	Episode Num	02
i'll	4	Episode Num	11
i'll	5	Episode Num	23
i'll	11	Episode Num	06
i'll	13	Episode Num	28
i'll	4	Episode Num	36
i'll	9	Episode Num	13
read	3	Episode Num	20
read	7	Episode Num	29
read	3	Episode Num	08
read	3	Episode Num	16
read	10	Episode Num	30
read	3	Episode Num	32
read	3	Episode Num	39
read	4	Episode Num	18
read	3	Episode Num	38
read	6	Episode Num	35
read	3	Episode Num	05
read	2	Episode Num	26
read	5	Episode Num	34
read	1	Episode Num	37
read	7	Episode Num	07
read	8	Episode Num	09
read	4	Episode Num	14
read	3	Episode Num	28
read	5	Episode Num	22
read	4	Episode Num	21
read	3	Episode Num	31
read	3	Episode Num	01
read	4	Episode Num	25
read	3	Episode Num	15
read	3	Episode Num	13
read	2	Episode Num	10
read	4	Episode Num	19
read	2	Episode Num	24
read	6	Episode Num	33
read	6	Episode Num	27
read	7	Episode Num	17
read	2	Episode Num	03
read	2	Episode Num	12
read	9	Episode Num	21
read	4	Episode Num	02
read	2	Episode Num	11
read	4	Episode Num	23
read	1	Episode Num	06
read	3	Episode Num	28
read	7	Episode Num	36
read	4	Episode Num	13
aloud	1	Episode Num	20
information	3	Episode Num	20
information	2	Episode Num	18
information	1	Episode Num	09
information	1	Episode Num	14
information	1	Episode Num	22
information	1	Episode Num	21
information	1	Episode Num	21
information	1	Episode Num	23
disc	6	Episode Num	20
disc	1	Episode Num	29
disc	1	Episode Num	39
disc	4	Episode Num	18
disc	1	Episode Num	38
disc	1	Episode Num	26
disc	1	Episode Num	37
disc	1	Episode Num	09
disc	3	Episode Num	14
disc	1	Episode Num	04
disc	4	Episode Num	19
disc	1	Episode Num	12
disc	1	Episode Num	06
inputted	1	Episode Num	20
moment	1	Episode Num	20
moment	2	Episode Num	29
moment	1	Episode Num	08
moment	1	Episode Num	30
moment	3	Episode Num	32
moment	1	Episode Num	39
moment	1	Episode Num	38
moment	3	Episode Num	37
moment	1	Episode Num	09
moment	4	Episode Num	28
moment	2	Episode Num	21
moment	2	Episode Num	31
moment	1	Episode Num	10
moment	2	Episode Num	19
moment	4	Episode Num	33
moment	3	Episode Num	17
moment	1	Episode Num	03
moment	1	Episode Num	12
moment	2	Episode Num	21
moment	3	Episode Num	02
moment	3	Episode Num	23
moment	2	Episode Num	06
moment	7	Episode Num	36
moment	1	Episode Num	13
boarded	1	Episode Num	20
train	1	Episode Num	20
train	11	Episode Num	16
train	24	Episode Num	14
train	2	Episode Num	15
train	1	Episode Num	19
train	1	Episode Num	24
train	7	Episode Num	17
naples	2	Episode Num	20
naples	1	Episode Num	18
naples	1	Episode Num	35
naples	2	Episode Num	05
naples	1	Episode Num	37
naples	2	Episode Num	07
naples	3	Episode Num	09
naples	2	Episode Num	14
naples	2	Episode Num	21
naples	1	Episode Num	01
naples	1	Episode Num	10
naples	1	Episode Num	19
naples	1	Episode Num	24
naples	1	Episode Num	33
naples	1	Episode Num	27
naples	1	Episode Num	03
naples	1	Episode Num	12
therefore	1	Episode Num	20
therefore	1	Episode Num	19
therefore	1	Episode Num	02
i'd	2	Episode Num	20
i'd	1	Episode Num	29
i'd	1	Episode Num	16
i'd	1	Episode Num	30
i'd	3	Episode Num	32
i'd	3	Episode Num	38
i'd	6	Episode Num	05
i'd	1	Episode Num	26
i'd	1	Episode Num	34
i'd	1	Episode Num	07
i'd	2	Episode Num	09
i'd	2	Episode Num	14
i'd	1	Episode Num	28
i'd	1	Episode Num	21
i'd	3	Episode Num	01
i'd	1	Episode Num	04
i'd	1	Episode Num	25
i'd	1	Episode Num	15
i'd	2	Episode Num	10
i'd	3	Episode Num	19
i'd	1	Episode Num	24
i'd	1	Episode Num	33
i'd	1	Episode Num	27
i'd	4	Episode Num	17
i'd	1	Episode Num	03
i'd	1	Episode Num	12
i'd	1	Episode Num	21
i'd	1	Episode Num	02
i'd	2	Episode Num	11
i'd	3	Episode Num	23
i'd	3	Episode Num	28
like	7	Episode Num	20
like	12	Episode Num	29
like	7	Episode Num	08
like	2	Episode Num	16
like	6	Episode Num	30
like	5	Episode Num	32
like	6	Episode Num	39
like	8	Episode Num	18
like	12	Episode Num	38
like	4	Episode Num	35
like	18	Episode Num	05
like	11	Episode Num	26
like	3	Episode Num	34
like	3	Episode Num	37
like	15	Episode Num	07
like	12	Episode Num	09
like	9	Episode Num	14
like	5	Episode Num	28
like	17	Episode Num	22
like	11	Episode Num	21
like	5	Episode Num	31
like	12	Episode Num	01
like	10	Episode Num	04
like	8	Episode Num	25
like	5	Episode Num	15
like	5	Episode Num	13
like	11	Episode Num	10
like	11	Episode Num	19
like	8	Episode Num	24
like	10	Episode Num	33
like	7	Episode Num	27
like	11	Episode Num	17
like	13	Episode Num	03
like	11	Episode Num	12
like	5	Episode Num	21
like	7	Episode Num	02
like	14	Episode Num	11
like	6	Episode Num	23
like	12	Episode Num	06
like	8	Episode Num	28
like	5	Episode Num	36
like	6	Episode Num	13
warn	3	Episode Num	20
warn	1	Episode Num	15
warn	1	Episode Num	24
warn	1	Episode Num	12
warn	1	Episode Num	21
warn	1	Episode Num	11
way	7	Episode Num	20
way	10	Episode Num	29
way	15	Episode Num	08
way	7	Episode Num	16
way	9	Episode Num	30
way	11	Episode Num	32
way	6	Episode Num	39
way	11	Episode Num	18
way	7	Episode Num	38
way	10	Episode Num	35
way	10	Episode Num	05
way	4	Episode Num	26
way	8	Episode Num	34
way	15	Episode Num	37
way	6	Episode Num	07
way	10	Episode Num	09
way	11	Episode Num	14
way	14	Episode Num	28
way	3	Episode Num	22
way	11	Episode Num	21
way	4	Episode Num	31
way	10	Episode Num	01
way	7	Episode Num	04
way	9	Episode Num	25
way	7	Episode Num	15
way	6	Episode Num	13
way	17	Episode Num	10
way	13	Episode Num	19
way	9	Episode Num	24
way	4	Episode Num	33
way	14	Episode Num	27
way	9	Episode Num	17
way	4	Episode Num	03
way	10	Episode Num	12
way	12	Episode Num	21
way	12	Episode Num	02
way	7	Episode Num	11
way	13	Episode Num	23
way	1	Episode Num	06
way	2	Episode Num	28
way	19	Episode Num	36
way	10	Episode Num	13
knowing	1	Episode Num	20
knowing	1	Episode Num	29
knowing	2	Episode Num	05
knowing	1	Episode Num	21
knowing	1	Episode Num	04
knowing	1	Episode Num	11
many	2	Episode Num	20
many	3	Episode Num	08
many	1	Episode Num	39
many	1	Episode Num	38
many	1	Episode Num	35
many	2	Episode Num	05
many	1	Episode Num	26
many	2	Episode Num	07
many	3	Episode Num	09
many	2	Episode Num	28
many	1	Episode Num	22
many	2	Episode Num	31
many	1	Episode Num	01
many	1	Episode Num	10
many	1	Episode Num	33
many	2	Episode Num	27
many	2	Episode Num	12
many	2	Episode Num	11
many	2	Episode Num	23
many	1	Episode Num	06
many	1	Episode Num	36
more	2	Episode Num	20
more	4	Episode Num	29
more	5	Episode Num	08
more	3	Episode Num	16
more	6	Episode Num	30
more	8	Episode Num	32
more	3	Episode Num	39
more	5	Episode Num	18
more	1	Episode Num	38
more	7	Episode Num	35
more	3	Episode Num	05
more	7	Episode Num	26
more	4	Episode Num	34
more	1	Episode Num	37
more	1	Episode Num	07
more	4	Episode Num	09
more	4	Episode Num	14
more	5	Episode Num	28
more	4	Episode Num	22
more	6	Episode Num	21
more	3	Episode Num	31
more	9	Episode Num	01
more	7	Episode Num	04
more	4	Episode Num	25
more	8	Episode Num	15
more	4	Episode Num	13
more	7	Episode Num	10
more	11	Episode Num	19
more	5	Episode Num	24
more	8	Episode Num	33
more	8	Episode Num	27
more	8	Episode Num	17
more	5	Episode Num	03
more	5	Episode Num	12
more	4	Episode Num	21
more	3	Episode Num	02
more	8	Episode Num	11
more	8	Episode Num	23
more	3	Episode Num	06
more	1	Episode Num	28
more	4	Episode Num	36
more	3	Episode Num	13
after	8	Episode Num	20
after	5	Episode Num	29
after	4	Episode Num	08
after	3	Episode Num	16
after	4	Episode Num	30
after	5	Episode Num	32
after	2	Episode Num	39
after	1	Episode Num	18
after	1	Episode Num	38
after	5	Episode Num	35
after	1	Episode Num	26
after	1	Episode Num	34
after	3	Episode Num	37
after	4	Episode Num	07
after	6	Episode Num	09
after	1	Episode Num	14
after	6	Episode Num	28
after	6	Episode Num	22
after	6	Episode Num	21
after	3	Episode Num	31
after	4	Episode Num	01
after	2	Episode Num	04
after	5	Episode Num	25
after	4	Episode Num	15
after	3	Episode Num	13
after	2	Episode Num	10
after	2	Episode Num	19
after	4	Episode Num	24
after	2	Episode Num	33
after	2	Episode Num	27
after	1	Episode Num	17
after	2	Episode Num	03
after	3	Episode Num	12
after	3	Episode Num	21
after	3	Episode Num	02
after	3	Episode Num	11
after	7	Episode Num	23
after	4	Episode Num	06
after	7	Episode Num	28
after	3	Episode Num	36
after	7	Episode Num	13
members	1	Episode Num	20
members	1	Episode Num	30
members	1	Episode Num	18
members	1	Episode Num	05
members	1	Episode Num	14
members	1	Episode Num	22
members	3	Episode Num	21
members	1	Episode Num	04
members	2	Episode Num	13
members	1	Episode Num	10
members	1	Episode Num	21
members	1	Episode Num	28
you've	2	Episode Num	20
you've	1	Episode Num	08
you've	2	Episode Num	16
you've	2	Episode Num	32
you've	1	Episode Num	38
you've	1	Episode Num	35
you've	1	Episode Num	05
you've	1	Episode Num	26
you've	1	Episode Num	37
you've	2	Episode Num	07
you've	4	Episode Num	09
you've	1	Episode Num	01
you've	1	Episode Num	04
you've	3	Episode Num	25
you've	1	Episode Num	13
you've	1	Episode Num	19
you've	4	Episode Num	33
you've	2	Episode Num	27
you've	2	Episode Num	17
you've	2	Episode Num	21
you've	2	Episode Num	11
you've	1	Episode Num	28
you've	1	Episode Num	36
you've	2	Episode Num	13
lost	1	Episode Num	20
lost	1	Episode Num	29
lost	1	Episode Num	08
lost	2	Episode Num	16
lost	3	Episode Num	32
lost	1	Episode Num	38
lost	2	Episode Num	05
lost	2	Episode Num	37
lost	1	Episode Num	09
lost	2	Episode Num	14
lost	1	Episode Num	28
lost	1	Episode Num	22
lost	1	Episode Num	21
lost	2	Episode Num	31
lost	2	Episode Num	25
lost	1	Episode Num	15
lost	2	Episode Num	24
lost	1	Episode Num	33
lost	1	Episode Num	12
lost	4	Episode Num	21
lost	1	Episode Num	11
lost	1	Episode Num	23
lost	1	Episode Num	06
lost	2	Episode Num	36
lost	1	Episode Num	13
point	1	Episode Num	20
point	6	Episode Num	08
point	1	Episode Num	16
point	1	Episode Num	32
point	1	Episode Num	38
point	1	Episode Num	35
point	1	Episode Num	05
point	1	Episode Num	34
point	1	Episode Num	37
point	1	Episode Num	07
point	1	Episode Num	28
point	2	Episode Num	22
point	1	Episode Num	21
point	1	Episode Num	31
point	1	Episode Num	01
point	1	Episode Num	15
point	1	Episode Num	13
point	3	Episode Num	10
point	2	Episode Num	19
point	2	Episode Num	33
point	1	Episode Num	27
point	1	Episode Num	17
point	1	Episode Num	03
point	2	Episode Num	12
point	1	Episode Num	21
point	1	Episode Num	02
point	1	Episode Num	11
point	3	Episode Num	06
time	8	Episode Num	20
time	7	Episode Num	29
time	8	Episode Num	08
time	7	Episode Num	16
time	5	Episode Num	30
time	4	Episode Num	32
time	4	Episode Num	39
time	3	Episode Num	18
time	5	Episode Num	38
time	6	Episode Num	35
time	11	Episode Num	05
time	5	Episode Num	26
time	3	Episode Num	34
time	8	Episode Num	37
time	11	Episode Num	07
time	5	Episode Num	09
time	4	Episode Num	14
time	6	Episode Num	28
time	6	Episode Num	22
time	5	Episode Num	21
time	9	Episode Num	31
time	12	Episode Num	01
time	1	Episode Num	04
time	6	Episode Num	25
time	2	Episode Num	15
time	3	Episode Num	13
time	4	Episode Num	10
time	4	Episode Num	19
time	3	Episode Num	24
time	13	Episode Num	33
time	7	Episode Num	27
time	4	Episode Num	17
time	1	Episode Num	03
time	8	Episode Num	12
time	11	Episode Num	21
time	2	Episode Num	02
time	7	Episode Num	11
time	2	Episode Num	23
time	2	Episode Num	06
time	3	Episode Num	28
time	15	Episode Num	36
time	1	Episode Num	13
safest	1	Episode Num	20
meet	1	Episode Num	20
meet	1	Episode Num	29
meet	1	Episode Num	08
meet	1	Episode Num	30
meet	1	Episode Num	18
meet	1	Episode Num	35
meet	1	Episode Num	05
meet	1	Episode Num	34
meet	1	Episode Num	07
meet	1	Episode Num	21
meet	1	Episode Num	31
meet	1	Episode Num	01
meet	2	Episode Num	13
meet	2	Episode Num	33
meet	1	Episode Num	03
meet	1	Episode Num	12
meet	1	Episode Num	28
also	3	Episode Num	20
also	4	Episode Num	29
also	2	Episode Num	08
also	1	Episode Num	16
also	2	Episode Num	32
also	1	Episode Num	39
also	2	Episode Num	18
also	1	Episode Num	38
also	2	Episode Num	35
also	2	Episode Num	26
also	1	Episode Num	34
also	4	Episode Num	07
also	3	Episode Num	09
also	1	Episode Num	14
also	1	Episode Num	28
also	4	Episode Num	21
also	1	Episode Num	31
also	3	Episode Num	01
also	1	Episode Num	04
also	6	Episode Num	25
also	3	Episode Num	15
also	2	Episode Num	13
also	2	Episode Num	10
also	3	Episode Num	19
also	2	Episode Num	24
also	1	Episode Num	33
also	2	Episode Num	27
also	2	Episode Num	17
also	2	Episode Num	03
also	3	Episode Num	12
also	4	Episode Num	21
also	2	Episode Num	02
also	3	Episode Num	11
also	1	Episode Num	06
also	2	Episode Num	28
also	3	Episode Num	36
also	1	Episode Num	13
let	10	Episode Num	20
let	11	Episode Num	29
let	29	Episode Num	08
let	4	Episode Num	16
let	8	Episode Num	30
let	5	Episode Num	32
let	7	Episode Num	39
let	4	Episode Num	18
let	5	Episode Num	38
let	10	Episode Num	35
let	4	Episode Num	05
let	6	Episode Num	26
let	3	Episode Num	34
let	6	Episode Num	37
let	8	Episode Num	07
let	5	Episode Num	09
let	3	Episode Num	14
let	9	Episode Num	28
let	16	Episode Num	22
let	6	Episode Num	21
let	8	Episode Num	31
let	8	Episode Num	01
let	7	Episode Num	04
let	7	Episode Num	25
let	8	Episode Num	15
let	16	Episode Num	13
let	5	Episode Num	10
let	15	Episode Num	19
let	10	Episode Num	24
let	7	Episode Num	33
let	5	Episode Num	27
let	10	Episode Num	17
let	8	Episode Num	03
let	7	Episode Num	12
let	10	Episode Num	21
let	7	Episode Num	02
let	7	Episode Num	11
let	6	Episode Num	23
let	3	Episode Num	06
let	5	Episode Num	28
let	10	Episode Num	36
let	6	Episode Num	13
deviate	1	Episode Num	20
even	14	Episode Num	20
even	8	Episode Num	29
even	7	Episode Num	08
even	7	Episode Num	16
even	4	Episode Num	30
even	9	Episode Num	32
even	7	Episode Num	39
even	11	Episode Num	18
even	7	Episode Num	38
even	6	Episode Num	35
even	12	Episode Num	05
even	3	Episode Num	26
even	6	Episode Num	34
even	5	Episode Num	37
even	6	Episode Num	07
even	11	Episode Num	09
even	9	Episode Num	14
even	6	Episode Num	28
even	1	Episode Num	22
even	11	Episode Num	21
even	7	Episode Num	31
even	10	Episode Num	01
even	7	Episode Num	04
even	6	Episode Num	25
even	6	Episode Num	15
even	6	Episode Num	13
even	3	Episode Num	10
even	7	Episode Num	19
even	10	Episode Num	24
even	2	Episode Num	33
even	3	Episode Num	27
even	2	Episode Num	17
even	3	Episode Num	03
even	6	Episode Num	12
even	9	Episode Num	21
even	7	Episode Num	02
even	7	Episode Num	11
even	8	Episode Num	23
even	7	Episode Num	06
even	6	Episode Num	28
even	2	Episode Num	36
even	8	Episode Num	13
slightest	1	Episode Num	20
slightest	1	Episode Num	30
slightest	1	Episode Num	33
slightest	1	Episode Num	17
instructions	2	Episode Num	20
disc,it	1	Episode Num	20
unforgivable	2	Episode Num	20
unforgivable	2	Episode Num	21
unforgivable	1	Episode Num	02
unforgivable	1	Episode Num	28
if	18	Episode Num	20
if	11	Episode Num	29
if	21	Episode Num	08
if	10	Episode Num	16
if	20	Episode Num	30
if	11	Episode Num	32
if	19	Episode Num	39
if	13	Episode Num	18
if	15	Episode Num	38
if	11	Episode Num	35
if	20	Episode Num	05
if	13	Episode Num	26
if	13	Episode Num	34
if	9	Episode Num	37
if	27	Episode Num	07
if	21	Episode Num	09
if	25	Episode Num	14
if	20	Episode Num	28
if	14	Episode Num	22
if	16	Episode Num	21
if	19	Episode Num	31
if	18	Episode Num	01
if	20	Episode Num	04
if	22	Episode Num	25
if	22	Episode Num	15
if	16	Episode Num	13
if	12	Episode Num	10
if	25	Episode Num	19
if	23	Episode Num	24
if	11	Episode Num	33
if	16	Episode Num	27
if	17	Episode Num	17
if	16	Episode Num	03
if	19	Episode Num	12
if	16	Episode Num	21
if	20	Episode Num	02
if	24	Episode Num	11
if	15	Episode Num	23
if	14	Episode Num	06
if	13	Episode Num	28
if	28	Episode Num	36
if	21	Episode Num	13
any	12	Episode Num	20
any	6	Episode Num	29
any	8	Episode Num	08
any	7	Episode Num	16
any	15	Episode Num	30
any	10	Episode Num	32
any	9	Episode Num	39
any	5	Episode Num	18
any	9	Episode Num	38
any	12	Episode Num	35
any	9	Episode Num	05
any	8	Episode Num	26
any	7	Episode Num	34
any	2	Episode Num	37
any	10	Episode Num	07
any	21	Episode Num	09
any	11	Episode Num	14
any	12	Episode Num	28
any	15	Episode Num	22
any	4	Episode Num	21
any	9	Episode Num	31
any	14	Episode Num	01
any	7	Episode Num	04
any	5	Episode Num	25
any	8	Episode Num	15
any	2	Episode Num	13
any	6	Episode Num	10
any	9	Episode Num	19
any	11	Episode Num	24
any	12	Episode Num	33
any	13	Episode Num	27
any	9	Episode Num	17
any	11	Episode Num	03
any	10	Episode Num	12
any	8	Episode Num	21
any	5	Episode Num	02
any	10	Episode Num	11
any	10	Episode Num	23
any	6	Episode Num	06
any	7	Episode Num	28
any	6	Episode Num	36
any	5	Episode Num	13
anything	5	Episode Num	20
anything	1	Episode Num	29
anything	1	Episode Num	08
anything	3	Episode Num	16
anything	1	Episode Num	30
anything	1	Episode Num	32
anything	4	Episode Num	39
anything	1	Episode Num	05
anything	1	Episode Num	26
anything	2	Episode Num	07
anything	3	Episode Num	09
anything	2	Episode Num	14
anything	6	Episode Num	22
anything	2	Episode Num	31
anything	1	Episode Num	01
anything	3	Episode Num	04
anything	2	Episode Num	25
anything	2	Episode Num	15
anything	1	Episode Num	13
anything	1	Episode Num	10
anything	3	Episode Num	19
anything	3	Episode Num	24
anything	3	Episode Num	33
anything	3	Episode Num	27
anything	3	Episode Num	17
anything	7	Episode Num	03
anything	2	Episode Num	12
anything	2	Episode Num	11
anything	5	Episode Num	28
anything	5	Episode Num	13
other	13	Episode Num	20
other	6	Episode Num	29
other	4	Episode Num	08
other	7	Episode Num	16
other	6	Episode Num	30
other	2	Episode Num	32
other	3	Episode Num	39
other	4	Episode Num	18
other	2	Episode Num	38
other	3	Episode Num	35
other	8	Episode Num	05
other	4	Episode Num	26
other	4	Episode Num	34
other	7	Episode Num	07
other	10	Episode Num	09
other	7	Episode Num	14
other	8	Episode Num	28
other	3	Episode Num	22
other	1	Episode Num	21
other	2	Episode Num	31
other	7	Episode Num	01
other	6	Episode Num	04
other	6	Episode Num	25
other	6	Episode Num	15
other	9	Episode Num	13
other	3	Episode Num	10
other	3	Episode Num	19
other	8	Episode Num	24
other	8	Episode Num	33
other	2	Episode Num	27
other	8	Episode Num	17
other	6	Episode Num	03
other	7	Episode Num	12
other	6	Episode Num	21
other	15	Episode Num	02
other	6	Episode Num	23
other	7	Episode Num	06
other	6	Episode Num	28
other	8	Episode Num	36
other	6	Episode Num	13
than	4	Episode Num	20
than	2	Episode Num	29
than	3	Episode Num	08
than	5	Episode Num	16
than	8	Episode Num	30
than	6	Episode Num	32
than	3	Episode Num	39
than	2	Episode Num	18
than	3	Episode Num	38
than	12	Episode Num	05
than	2	Episode Num	26
than	1	Episode Num	34
than	3	Episode Num	37
than	4	Episode Num	07
than	5	Episode Num	09
than	6	Episode Num	14
than	6	Episode Num	28
than	1	Episode Num	22
than	2	Episode Num	21
than	1	Episode Num	31
than	9	Episode Num	01
than	2	Episode Num	04
than	6	Episode Num	25
than	13	Episode Num	15
than	2	Episode Num	13
than	4	Episode Num	10
than	4	Episode Num	19
than	2	Episode Num	24
than	7	Episode Num	33
than	3	Episode Num	27
than	4	Episode Num	17
than	5	Episode Num	03
than	1	Episode Num	12
than	2	Episode Num	21
than	3	Episode Num	02
than	4	Episode Num	11
than	1	Episode Num	23
than	2	Episode Num	06
than	7	Episode Num	28
than	2	Episode Num	36
than	2	Episode Num	13
what's	6	Episode Num	20
what's	2	Episode Num	29
what's	2	Episode Num	16
what's	7	Episode Num	30
what's	4	Episode Num	32
what's	7	Episode Num	39
what's	9	Episode Num	18
what's	1	Episode Num	38
what's	3	Episode Num	35
what's	8	Episode Num	05
what's	5	Episode Num	26
what's	9	Episode Num	34
what's	2	Episode Num	37
what's	2	Episode Num	07
what's	2	Episode Num	09
what's	8	Episode Num	14
what's	5	Episode Num	22
what's	2	Episode Num	21
what's	2	Episode Num	31
what's	4	Episode Num	01
what's	2	Episode Num	04
what's	3	Episode Num	25
what's	1	Episode Num	15
what's	1	Episode Num	13
what's	3	Episode Num	10
what's	2	Episode Num	24
what's	4	Episode Num	33
what's	3	Episode Num	27
what's	7	Episode Num	17
what's	1	Episode Num	03
what's	5	Episode Num	12
what's	2	Episode Num	21
what's	5	Episode Num	02
what's	1	Episode Num	11
what's	1	Episode Num	23
what's	4	Episode Num	06
what's	5	Episode Num	28
what's	3	Episode Num	36
what's	2	Episode Num	13
instructed	1	Episode Num	20
instructed	1	Episode Num	13
instructed	1	Episode Num	11
it's	9	Episode Num	20
it's	15	Episode Num	29
it's	11	Episode Num	08
it's	5	Episode Num	16
it's	15	Episode Num	30
it's	8	Episode Num	32
it's	18	Episode Num	39
it's	12	Episode Num	18
it's	10	Episode Num	38
it's	19	Episode Num	35
it's	22	Episode Num	05
it's	11	Episode Num	26
it's	16	Episode Num	34
it's	10	Episode Num	37
it's	11	Episode Num	07
it's	9	Episode Num	09
it's	15	Episode Num	14
it's	11	Episode Num	28
it's	3	Episode Num	22
it's	9	Episode Num	21
it's	15	Episode Num	31
it's	23	Episode Num	01
it's	19	Episode Num	04
it's	20	Episode Num	25
it's	18	Episode Num	15
it's	19	Episode Num	13
it's	11	Episode Num	10
it's	10	Episode Num	19
it's	21	Episode Num	24
it's	8	Episode Num	33
it's	19	Episode Num	27
it's	15	Episode Num	17
it's	13	Episode Num	03
it's	7	Episode Num	12
it's	8	Episode Num	21
it's	7	Episode Num	02
it's	15	Episode Num	11
it's	11	Episode Num	23
it's	21	Episode Num	06
it's	6	Episode Num	28
it's	22	Episode Num	36
it's	13	Episode Num	13
accidental	1	Episode Num	20
accidental	1	Episode Num	29
consider	2	Episode Num	20
consider	1	Episode Num	29
consider	1	Episode Num	38
consider	3	Episode Num	05
consider	1	Episode Num	26
consider	1	Episode Num	28
consider	1	Episode Num	21
consider	1	Episode Num	25
consider	1	Episode Num	19
consider	1	Episode Num	21
consider	1	Episode Num	23
consider	1	Episode Num	06
consider	2	Episode Num	28
warning	1	Episode Num	20
warning	1	Episode Num	21
mean	3	Episode Num	20
mean	2	Episode Num	29
mean	6	Episode Num	08
mean	1	Episode Num	16
mean	1	Episode Num	30
mean	6	Episode Num	32
mean	6	Episode Num	39
mean	6	Episode Num	18
mean	1	Episode Num	38
mean	3	Episode Num	35
mean	4	Episode Num	05
mean	1	Episode Num	26
mean	3	Episode Num	34
mean	1	Episode Num	37
mean	3	Episode Num	07
mean	8	Episode Num	09
mean	3	Episode Num	14
mean	5	Episode Num	28
mean	9	Episode Num	22
mean	5	Episode Num	21
mean	5	Episode Num	31
mean	1	Episode Num	01
mean	3	Episode Num	04
mean	7	Episode Num	25
mean	4	Episode Num	15
mean	4	Episode Num	13
mean	4	Episode Num	10
mean	3	Episode Num	19
mean	4	Episode Num	24
mean	4	Episode Num	33
mean	5	Episode Num	27
mean	9	Episode Num	17
mean	8	Episode Num	03
mean	4	Episode Num	12
mean	1	Episode Num	21
mean	3	Episode Num	02
mean	3	Episode Num	11
mean	7	Episode Num	23
mean	4	Episode Num	06
mean	5	Episode Num	28
mean	5	Episode Num	36
mean	6	Episode Num	13
harm	3	Episode Num	20
harm	2	Episode Num	08
harm	1	Episode Num	14
harm	2	Episode Num	21
harm	1	Episode Num	01
harm	1	Episode Num	10
harm	1	Episode Num	11
here	36	Episode Num	20
here	30	Episode Num	29
here	14	Episode Num	08
here	20	Episode Num	16
here	25	Episode Num	30
here	28	Episode Num	32
here	24	Episode Num	39
here	27	Episode Num	18
here	32	Episode Num	38
here	22	Episode Num	35
here	46	Episode Num	05
here	38	Episode Num	26
here	34	Episode Num	34
here	12	Episode Num	37
here	40	Episode Num	07
here	40	Episode Num	09
here	48	Episode Num	14
here	43	Episode Num	28
here	47	Episode Num	22
here	15	Episode Num	21
here	22	Episode Num	31
here	27	Episode Num	01
here	14	Episode Num	04
here	13	Episode Num	25
here	26	Episode Num	15
here	28	Episode Num	13
here	36	Episode Num	10
here	21	Episode Num	19
here	24	Episode Num	24
here	44	Episode Num	33
here	42	Episode Num	27
here	28	Episode Num	17
here	16	Episode Num	03
here	53	Episode Num	12
here	26	Episode Num	21
here	24	Episode Num	02
here	32	Episode Num	11
here	37	Episode Num	23
here	58	Episode Num	06
here	17	Episode Num	28
here	22	Episode Num	36
here	35	Episode Num	13
head	2	Episode Num	20
head	2	Episode Num	29
head	8	Episode Num	08
head	5	Episode Num	16
head	2	Episode Num	30
head	4	Episode Num	32
head	2	Episode Num	39
head	11	Episode Num	18
head	5	Episode Num	38
head	4	Episode Num	35
head	6	Episode Num	05
head	4	Episode Num	26
head	1	Episode Num	34
head	5	Episode Num	37
head	10	Episode Num	07
head	6	Episode Num	09
head	4	Episode Num	14
head	3	Episode Num	28
head	1	Episode Num	22
head	5	Episode Num	31
head	3	Episode Num	01
head	2	Episode Num	04
head	4	Episode Num	25
head	3	Episode Num	15
head	3	Episode Num	13
head	4	Episode Num	19
head	4	Episode Num	24
head	3	Episode Num	33
head	5	Episode Num	27
head	17	Episode Num	17
head	3	Episode Num	03
head	4	Episode Num	12
head	2	Episode Num	21
head	6	Episode Num	02
head	4	Episode Num	11
head	10	Episode Num	23
head	3	Episode Num	06
head	3	Episode Num	28
head	5	Episode Num	36
head	2	Episode Num	13
island	5	Episode Num	20
island	3	Episode Num	08
island	1	Episode Num	26
island	9	Episode Num	07
island	3	Episode Num	09
island	1	Episode Num	13
island	2	Episode Num	21
island	1	Episode Num	28
san	1	Episode Num	20
san	2	Episode Num	29
san	2	Episode Num	16
san	2	Episode Num	30
san	9	Episode Num	32
san	2	Episode Num	18
san	1	Episode Num	38
san	1	Episode Num	26
san	1	Episode Num	21
san	4	Episode Num	31
san	2	Episode Num	01
san	1	Episode Num	04
san	1	Episode Num	19
san	1	Episode Num	24
san	2	Episode Num	27
san	1	Episode Num	17
san	2	Episode Num	21
san	2	Episode Num	11
san	1	Episode Num	13
giorgio	1	Episode Num	20
maggiore	1	Episode Num	20
place	2	Episode Num	20
place	1	Episode Num	29
place	6	Episode Num	08
place	3	Episode Num	18
place	2	Episode Num	26
place	2	Episode Num	07
place	3	Episode Num	09
place	1	Episode Num	14
place	4	Episode Num	28
place	3	Episode Num	13
place	1	Episode Num	10
place	1	Episode Num	19
place	1	Episode Num	33
place	1	Episode Num	27
place	3	Episode Num	03
place	3	Episode Num	12
place	1	Episode Num	21
place	1	Episode Num	11
place	1	Episode Num	06
place	1	Episode Num	28
place	2	Episode Num	36
place	1	Episode Num	13
take	9	Episode Num	20
take	5	Episode Num	29
take	6	Episode Num	08
take	3	Episode Num	16
take	6	Episode Num	30
take	12	Episode Num	32
take	3	Episode Num	39
take	3	Episode Num	18
take	3	Episode Num	38
take	3	Episode Num	35
take	6	Episode Num	05
take	5	Episode Num	26
take	5	Episode Num	34
take	3	Episode Num	37
take	9	Episode Num	07
take	3	Episode Num	09
take	9	Episode Num	14
take	6	Episode Num	28
take	6	Episode Num	22
take	5	Episode Num	21
take	11	Episode Num	31
take	8	Episode Num	01
take	3	Episode Num	04
take	4	Episode Num	25
take	3	Episode Num	15
take	5	Episode Num	13
take	6	Episode Num	10
take	11	Episode Num	19
take	4	Episode Num	24
take	7	Episode Num	33
take	6	Episode Num	27
take	6	Episode Num	17
take	6	Episode Num	03
take	4	Episode Num	12
take	4	Episode Num	21
take	8	Episode Num	02
take	3	Episode Num	11
take	5	Episode Num	23
take	1	Episode Num	06
take	8	Episode Num	28
take	4	Episode Num	36
take	7	Episode Num	13
top	7	Episode Num	20
top	5	Episode Num	29
top	17	Episode Num	08
top	14	Episode Num	16
top	3	Episode Num	30
top	6	Episode Num	32
top	4	Episode Num	39
top	5	Episode Num	18
top	6	Episode Num	38
top	4	Episode Num	35
top	6	Episode Num	05
top	2	Episode Num	26
top	4	Episode Num	34
top	6	Episode Num	37
top	2	Episode Num	07
top	4	Episode Num	09
top	6	Episode Num	14
top	6	Episode Num	28
top	4	Episode Num	22
top	5	Episode Num	21
top	3	Episode Num	01
top	2	Episode Num	04
top	2	Episode Num	25
top	5	Episode Num	15
top	1	Episode Num	13
top	4	Episode Num	10
top	5	Episode Num	19
top	1	Episode Num	24
top	3	Episode Num	33
top	3	Episode Num	17
top	1	Episode Num	03
top	5	Episode Num	12
top	1	Episode Num	21
top	7	Episode Num	02
top	2	Episode Num	11
top	6	Episode Num	23
top	2	Episode Num	06
top	4	Episode Num	28
top	7	Episode Num	36
top	5	Episode Num	13
great	2	Episode Num	20
great	1	Episode Num	16
great	1	Episode Num	30
great	4	Episode Num	39
great	1	Episode Num	38
great	1	Episode Num	35
great	2	Episode Num	26
great	2	Episode Num	34
great	1	Episode Num	37
great	2	Episode Num	28
great	2	Episode Num	22
great	2	Episode Num	21
great	1	Episode Num	01
great	1	Episode Num	13
great	2	Episode Num	19
great	2	Episode Num	33
great	3	Episode Num	17
great	2	Episode Num	03
great	2	Episode Num	02
great	2	Episode Num	11
great	3	Episode Num	28
great	1	Episode Num	36
great	1	Episode Num	13
bell	2	Episode Num	20
bell	1	Episode Num	25
bell	1	Episode Num	17
bell	1	Episode Num	11
bell	1	Episode Num	28
tower	5	Episode Num	20
tower	1	Episode Num	21
tower	1	Episode Num	28
church	2	Episode Num	20
church	1	Episode Num	26
church	2	Episode Num	21
church	1	Episode Num	28
once	5	Episode Num	20
once	4	Episode Num	29
once	1	Episode Num	08
once	5	Episode Num	16
once	1	Episode Num	30
once	4	Episode Num	39
once	1	Episode Num	18
once	2	Episode Num	38
once	4	Episode Num	35
once	1	Episode Num	26
once	1	Episode Num	34
once	1	Episode Num	37
once	5	Episode Num	09
once	1	Episode Num	14
once	1	Episode Num	22
once	3	Episode Num	21
once	2	Episode Num	31
once	1	Episode Num	01
once	1	Episode Num	04
once	2	Episode Num	25
once	2	Episode Num	15
once	2	Episode Num	13
once	1	Episode Num	10
once	1	Episode Num	19
once	3	Episode Num	24
once	4	Episode Num	33
once	2	Episode Num	27
once	2	Episode Num	17
once	5	Episode Num	03
once	2	Episode Num	12
once	1	Episode Num	21
once	2	Episode Num	02
once	3	Episode Num	11
once	3	Episode Num	28
once	3	Episode Num	13
over	5	Episode Num	20
over	3	Episode Num	29
over	4	Episode Num	08
over	1	Episode Num	16
over	4	Episode Num	32
over	7	Episode Num	39
over	7	Episode Num	18
over	5	Episode Num	38
over	7	Episode Num	35
over	3	Episode Num	05
over	6	Episode Num	26
over	1	Episode Num	34
over	4	Episode Num	37
over	6	Episode Num	07
over	10	Episode Num	09
over	4	Episode Num	14
over	4	Episode Num	28
over	6	Episode Num	22
over	6	Episode Num	21
over	6	Episode Num	31
over	3	Episode Num	01
over	3	Episode Num	04
over	3	Episode Num	25
over	4	Episode Num	15
over	8	Episode Num	13
over	6	Episode Num	10
over	4	Episode Num	19
over	4	Episode Num	33
over	3	Episode Num	27
over	2	Episode Num	17
over	7	Episode Num	03
over	4	Episode Num	12
over	4	Episode Num	21
over	11	Episode Num	02
over	5	Episode Num	11
over	3	Episode Num	23
over	1	Episode Num	06
over	5	Episode Num	28
over	5	Episode Num	36
over	6	Episode Num	13
instruction	6	Episode Num	20
one	16	Episode Num	20
one	23	Episode Num	29
one	22	Episode Num	08
one	22	Episode Num	16
one	19	Episode Num	30
one	20	Episode Num	32
one	19	Episode Num	39
one	27	Episode Num	18
one	14	Episode Num	38
one	32	Episode Num	35
one	46	Episode Num	05
one	31	Episode Num	26
one	19	Episode Num	34
one	18	Episode Num	37
one	34	Episode Num	07
one	49	Episode Num	09
one	19	Episode Num	14
one	25	Episode Num	28
one	14	Episode Num	22
one	20	Episode Num	21
one	16	Episode Num	31
one	36	Episode Num	01
one	27	Episode Num	04
one	11	Episode Num	25
one	18	Episode Num	15
one	29	Episode Num	13
one	16	Episode Num	10
one	12	Episode Num	19
one	20	Episode Num	24
one	24	Episode Num	33
one	13	Episode Num	27
one	27	Episode Num	17
one	20	Episode Num	03
one	25	Episode Num	12
one	20	Episode Num	21
one	23	Episode Num	02
one	12	Episode Num	11
one	18	Episode Num	23
one	25	Episode Num	06
one	27	Episode Num	28
one	32	Episode Num	36
one	15	Episode Num	13
stairs	4	Episode Num	20
stairs	3	Episode Num	29
stairs	2	Episode Num	30
stairs	1	Episode Num	32
stairs	5	Episode Num	39
stairs	1	Episode Num	34
stairs	1	Episode Num	04
stairs	6	Episode Num	33
stairs	1	Episode Num	03
stairs	3	Episode Num	21
stairs	1	Episode Num	23
currently	1	Episode Num	20
currently	1	Episode Num	16
currently	2	Episode Num	18
currently	1	Episode Num	26
currently	3	Episode Num	34
currently	1	Episode Num	21
currently	1	Episode Num	31
currently	2	Episode Num	19
currently	2	Episode Num	17
currently	1	Episode Num	12
currently	1	Episode Num	36
only	8	Episode Num	20
only	8	Episode Num	29
only	10	Episode Num	08
only	2	Episode Num	16
only	2	Episode Num	30
only	5	Episode Num	32
only	6	Episode Num	18
only	7	Episode Num	38
only	3	Episode Num	35
only	3	Episode Num	05
only	1	Episode Num	26
only	4	Episode Num	34
only	8	Episode Num	37
only	1	Episode Num	07
only	3	Episode Num	09
only	6	Episode Num	14
only	6	Episode Num	28
only	1	Episode Num	22
only	2	Episode Num	21
only	3	Episode Num	31
only	5	Episode Num	01
only	11	Episode Num	04
only	4	Episode Num	25
only	2	Episode Num	15
only	9	Episode Num	13
only	4	Episode Num	10
only	4	Episode Num	19
only	6	Episode Num	24
only	1	Episode Num	33
only	4	Episode Num	27
only	4	Episode Num	17
only	3	Episode Num	03
only	4	Episode Num	12
only	6	Episode Num	21
only	5	Episode Num	02
only	2	Episode Num	11
only	4	Episode Num	23
only	2	Episode Num	06
only	2	Episode Num	28
only	10	Episode Num	36
only	7	Episode Num	13
elevator	3	Episode Num	20
elevator	1	Episode Num	39
goes	2	Episode Num	20
goes	1	Episode Num	16
goes	1	Episode Num	30
goes	1	Episode Num	18
goes	1	Episode Num	05
goes	1	Episode Num	26
goes	1	Episode Num	34
goes	1	Episode Num	07
goes	1	Episode Num	01
goes	4	Episode Num	04
goes	1	Episode Num	25
goes	1	Episode Num	15
goes	2	Episode Num	24
goes	1	Episode Num	12
goes	2	Episode Num	21
ones	4	Episode Num	20
ones	1	Episode Num	16
ones	1	Episode Num	30
ones	4	Episode Num	32
ones	4	Episode Num	39
ones	1	Episode Num	18
ones	2	Episode Num	38
ones	1	Episode Num	37
ones	1	Episode Num	07
ones	1	Episode Num	09
ones	2	Episode Num	28
ones	3	Episode Num	31
ones	3	Episode Num	01
ones	1	Episode Num	10
ones	1	Episode Num	19
ones	3	Episode Num	24
ones	1	Episode Num	17
ones	1	Episode Num	12
ones	4	Episode Num	06
ones	1	Episode Num	28
ones	1	Episode Num	36
allowed	2	Episode Num	20
allowed	1	Episode Num	30
allowed	1	Episode Num	39
allowed	1	Episode Num	26
allowed	1	Episode Num	22
allowed	1	Episode Num	03
allowed	1	Episode Num	12
allowed	2	Episode Num	06
allowed	2	Episode Num	13
bodyguard	4	Episode Num	20
bodyguard	1	Episode Num	16
bodyguard	1	Episode Num	21
bodyguard	2	Episode Num	13
bodyguard	2	Episode Num	21
bodyguard	1	Episode Num	28
two	5	Episode Num	20
two	5	Episode Num	29
two	3	Episode Num	08
two	3	Episode Num	16
two	2	Episode Num	30
two	2	Episode Num	32
two	2	Episode Num	39
two	5	Episode Num	18
two	8	Episode Num	35
two	4	Episode Num	05
two	9	Episode Num	26
two	2	Episode Num	34
two	1	Episode Num	07
two	3	Episode Num	09
two	6	Episode Num	14
two	1	Episode Num	21
two	6	Episode Num	31
two	1	Episode Num	01
two	6	Episode Num	04
two	1	Episode Num	25
two	2	Episode Num	15
two	8	Episode Num	13
two	1	Episode Num	10
two	6	Episode Num	19
two	3	Episode Num	24
two	2	Episode Num	33
two	6	Episode Num	27
two	1	Episode Num	17
two	5	Episode Num	03
two	1	Episode Num	12
two	2	Episode Num	21
two	5	Episode Num	02
two	2	Episode Num	23
two	3	Episode Num	06
two	3	Episode Num	28
two	1	Episode Num	36
two	2	Episode Num	13
prohibited	2	Episode Num	20
prohibited	2	Episode Num	03
carrying	1	Episode Num	20
carrying	1	Episode Num	26
carrying	1	Episode Num	13
carrying	1	Episode Num	13
knives	1	Episode Num	20
g*ns	19	Episode Num	20
g*ns	20	Episode Num	29
g*ns	13	Episode Num	08
g*ns	16	Episode Num	16
g*ns	8	Episode Num	30
g*ns	13	Episode Num	32
g*ns	14	Episode Num	39
g*ns	15	Episode Num	18
g*ns	12	Episode Num	38
g*ns	15	Episode Num	35
g*ns	12	Episode Num	05
g*ns	9	Episode Num	26
g*ns	11	Episode Num	34
g*ns	10	Episode Num	37
g*ns	20	Episode Num	07
g*ns	9	Episode Num	09
g*ns	12	Episode Num	14
g*ns	8	Episode Num	28
g*ns	16	Episode Num	22
g*ns	15	Episode Num	21
g*ns	6	Episode Num	31
g*ns	18	Episode Num	01
g*ns	13	Episode Num	04
g*ns	8	Episode Num	25
g*ns	8	Episode Num	15
g*ns	16	Episode Num	13
g*ns	12	Episode Num	10
g*ns	16	Episode Num	19
g*ns	15	Episode Num	24
g*ns	4	Episode Num	33
g*ns	17	Episode Num	27
g*ns	16	Episode Num	17
g*ns	12	Episode Num	03
g*ns	17	Episode Num	12
g*ns	17	Episode Num	21
g*ns	18	Episode Num	02
g*ns	16	Episode Num	11
g*ns	13	Episode Num	23
g*ns	15	Episode Num	06
g*ns	15	Episode Num	28
g*ns	15	Episode Num	36
g*ns	16	Episode Num	13
cell	1	Episode Num	20
cell	2	Episode Num	29
cell	1	Episode Num	16
cell	1	Episode Num	32
cell	1	Episode Num	05
cell	2	Episode Num	26
cell	1	Episode Num	04
cell	1	Episode Num	15
cell	1	Episode Num	19
cell	1	Episode Num	33
cell	4	Episode Num	17
cell	4	Episode Num	03
cell	1	Episode Num	21
cell	1	Episode Num	23
cell	1	Episode Num	13
phones	1	Episode Num	20
phones	1	Episode Num	06
else	1	Episode Num	20
else	2	Episode Num	29
else	3	Episode Num	16
else	2	Episode Num	30
else	1	Episode Num	32
else	2	Episode Num	39
else	2	Episode Num	18
else	3	Episode Num	38
else	4	Episode Num	35
else	3	Episode Num	34
else	3	Episode Num	09
else	1	Episode Num	14
else	1	Episode Num	28
else	1	Episode Num	21
else	1	Episode Num	31
else	1	Episode Num	01
else	2	Episode Num	25
else	1	Episode Num	15
else	1	Episode Num	10
else	1	Episode Num	19
else	2	Episode Num	24
else	3	Episode Num	27
else	1	Episode Num	17
else	2	Episode Num	03
else	2	Episode Num	12
else	3	Episode Num	23
else	1	Episode Num	06
else	3	Episode Num	28
else	3	Episode Num	36
three	1	Episode Num	20
three	3	Episode Num	08
three	1	Episode Num	16
three	6	Episode Num	30
three	1	Episode Num	32
three	1	Episode Num	39
three	3	Episode Num	18
three	1	Episode Num	35
three	3	Episode Num	05
three	1	Episode Num	26
three	1	Episode Num	14
three	2	Episode Num	28
three	1	Episode Num	21
three	2	Episode Num	31
three	3	Episode Num	01
three	2	Episode Num	04
three	2	Episode Num	15
three	2	Episode Num	24
three	1	Episode Num	17
three	3	Episode Num	12
three	1	Episode Num	21
three	2	Episode Num	11
three	1	Episode Num	23
must	1	Episode Num	20
must	6	Episode Num	29
must	2	Episode Num	08
must	4	Episode Num	16
must	1	Episode Num	30
must	1	Episode Num	32
must	1	Episode Num	39
must	8	Episode Num	18
must	1	Episode Num	05
must	3	Episode Num	26
must	1	Episode Num	34
must	1	Episode Num	37
must	3	Episode Num	07
must	4	Episode Num	09
must	3	Episode Num	14
must	6	Episode Num	28
must	4	Episode Num	22
must	1	Episode Num	31
must	1	Episode Num	04
must	1	Episode Num	15
must	3	Episode Num	10
must	4	Episode Num	19
must	4	Episode Num	24
must	3	Episode Num	33
must	1	Episode Num	17
must	2	Episode Num	03
must	3	Episode Num	12
must	7	Episode Num	21
must	2	Episode Num	02
must	1	Episode Num	11
must	6	Episode Num	23
must	1	Episode Num	06
must	2	Episode Num	28
must	1	Episode Num	36
must	5	Episode Num	13
land	5	Episode Num	20
land	2	Episode Num	29
land	3	Episode Num	08
land	1	Episode Num	30
land	1	Episode Num	39
land	1	Episode Num	18
land	1	Episode Num	35
land	1	Episode Num	26
land	11	Episode Num	07
land	3	Episode Num	09
land	1	Episode Num	01
land	6	Episode Num	25
land	1	Episode Num	13
land	1	Episode Num	27
land	3	Episode Num	21
land	1	Episode Num	28
land	1	Episode Num	36
within	2	Episode Num	20
within	6	Episode Num	29
within	2	Episode Num	16
within	1	Episode Num	30
within	1	Episode Num	32
within	1	Episode Num	39
within	2	Episode Num	35
within	2	Episode Num	26
within	1	Episode Num	34
within	3	Episode Num	37
within	3	Episode Num	28
within	3	Episode Num	21
within	1	Episode Num	31
within	2	Episode Num	04
within	1	Episode Num	15
within	2	Episode Num	13
within	1	Episode Num	10
within	1	Episode Num	19
within	2	Episode Num	33
within	9	Episode Num	27
within	1	Episode Num	03
within	3	Episode Num	12
within	4	Episode Num	21
within	2	Episode Num	23
within	4	Episode Num	28
within	3	Episode Num	36
within	2	Episode Num	13
fifteen	1	Episode Num	20
fifteen	1	Episode Num	18
fifteen	2	Episode Num	05
fifteen	1	Episode Num	26
fifteen	1	Episode Num	09
fifteen	1	Episode Num	14
fifteen	4	Episode Num	28
fifteen	1	Episode Num	22
fifteen	2	Episode Num	01
fifteen	1	Episode Num	25
fifteen	1	Episode Num	24
fifteen	2	Episode Num	03
fifteen	1	Episode Num	02
fifteen	2	Episode Num	11
retrieving	1	Episode Num	20
retrieving	1	Episode Num	13
tracking	2	Episode Num	20
tracking	1	Episode Num	16
tracking	2	Episode Num	30
tracking	1	Episode Num	18
tracking	1	Episode Num	05
tracking	1	Episode Num	14
tracking	1	Episode Num	28
tracking	2	Episode Num	24
tracking	1	Episode Num	17
tracking	3	Episode Num	23
device	2	Episode Num	20
know	13	Episode Num	20
know	21	Episode Num	29
know	3	Episode Num	08
know	6	Episode Num	16
know	8	Episode Num	30
know	11	Episode Num	32
know	9	Episode Num	39
know	3	Episode Num	18
know	9	Episode Num	38
know	4	Episode Num	35
know	17	Episode Num	05
know	11	Episode Num	26
know	8	Episode Num	34
know	4	Episode Num	37
know	11	Episode Num	07
know	20	Episode Num	09
know	9	Episode Num	14
know	10	Episode Num	28
know	8	Episode Num	22
know	5	Episode Num	21
know	2	Episode Num	31
know	9	Episode Num	01
know	6	Episode Num	04
know	2	Episode Num	25
know	3	Episode Num	15
know	4	Episode Num	13
know	2	Episode Num	10
know	3	Episode Num	19
know	4	Episode Num	24
know	8	Episode Num	33
know	5	Episode Num	27
know	4	Episode Num	17
know	4	Episode Num	03
know	8	Episode Num	12
know	13	Episode Num	21
know	10	Episode Num	02
know	9	Episode Num	11
know	5	Episode Num	23
know	8	Episode Num	06
know	7	Episode Num	28
know	1	Episode Num	36
know	3	Episode Num	13
where	7	Episode Num	20
where	6	Episode Num	29
where	1	Episode Num	08
where	7	Episode Num	16
where	8	Episode Num	30
where	6	Episode Num	32
where	5	Episode Num	39
where	7	Episode Num	18
where	13	Episode Num	38
where	11	Episode Num	35
where	24	Episode Num	05
where	11	Episode Num	26
where	16	Episode Num	34
where	3	Episode Num	37
where	4	Episode Num	07
where	17	Episode Num	09
where	8	Episode Num	14
where	10	Episode Num	28
where	9	Episode Num	22
where	4	Episode Num	21
where	4	Episode Num	31
where	6	Episode Num	01
where	3	Episode Num	04
where	1	Episode Num	25
where	5	Episode Num	15
where	10	Episode Num	13
where	16	Episode Num	10
where	4	Episode Num	19
where	1	Episode Num	24
where	16	Episode Num	33
where	7	Episode Num	27
where	9	Episode Num	17
where	2	Episode Num	03
where	15	Episode Num	12
where	8	Episode Num	21
where	4	Episode Num	02
where	17	Episode Num	11
where	4	Episode Num	23
where	34	Episode Num	06
where	2	Episode Num	28
where	6	Episode Num	36
where	8	Episode Num	13
four	1	Episode Num	20
four	1	Episode Num	29
four	10	Episode Num	08
four	1	Episode Num	38
four	3	Episode Num	35
four	5	Episode Num	05
four	2	Episode Num	07
four	1	Episode Num	22
four	2	Episode Num	21
four	1	Episode Num	31
four	1	Episode Num	15
four	5	Episode Num	13
four	1	Episode Num	19
four	2	Episode Num	24
four	1	Episode Num	17
four	1	Episode Num	12
four	1	Episode Num	02
four	1	Episode Num	23
four	2	Episode Num	28
four	1	Episode Num	13
rest	3	Episode Num	20
rest	2	Episode Num	29
rest	1	Episode Num	08
rest	3	Episode Num	16
rest	2	Episode Num	30
rest	1	Episode Num	32
rest	2	Episode Num	39
rest	1	Episode Num	18
rest	2	Episode Num	38
rest	1	Episode Num	35
rest	1	Episode Num	05
rest	1	Episode Num	26
rest	1	Episode Num	37
rest	3	Episode Num	07
rest	3	Episode Num	09
rest	1	Episode Num	14
rest	7	Episode Num	22
rest	3	Episode Num	21
rest	3	Episode Num	31
rest	1	Episode Num	01
rest	2	Episode Num	15
rest	3	Episode Num	19
rest	3	Episode Num	24
rest	1	Episode Num	33
rest	1	Episode Num	27
rest	1	Episode Num	17
rest	1	Episode Num	12
rest	1	Episode Num	21
rest	3	Episode Num	02
rest	1	Episode Num	11
rest	2	Episode Num	23
rest	7	Episode Num	06
rest	2	Episode Num	28
rest	2	Episode Num	36
rest	1	Episode Num	13
wait	3	Episode Num	20
wait	8	Episode Num	29
wait	1	Episode Num	08
wait	2	Episode Num	16
wait	2	Episode Num	30
wait	7	Episode Num	32
wait	4	Episode Num	18
wait	3	Episode Num	38
wait	1	Episode Num	35
wait	2	Episode Num	05
wait	1	Episode Num	26
wait	8	Episode Num	34
wait	2	Episode Num	37
wait	12	Episode Num	07
wait	5	Episode Num	09
wait	4	Episode Num	14
wait	7	Episode Num	28
wait	2	Episode Num	22
wait	1	Episode Num	21
wait	4	Episode Num	31
wait	4	Episode Num	01
wait	4	Episode Num	04
wait	2	Episode Num	25
wait	3	Episode Num	15
wait	6	Episode Num	10
wait	1	Episode Num	19
wait	1	Episode Num	24
wait	3	Episode Num	33
wait	3	Episode Num	27
wait	4	Episode Num	17
wait	1	Episode Num	03
wait	2	Episode Num	12
wait	3	Episode Num	21
wait	2	Episode Num	02
wait	1	Episode Num	11
wait	4	Episode Num	23
wait	2	Episode Num	06
wait	2	Episode Num	28
wait	4	Episode Num	36
wait	3	Episode Num	13
boat	3	Episode Num	20
boat	5	Episode Num	29
boat	2	Episode Num	30
boat	3	Episode Num	05
boat	18	Episode Num	07
boat	2	Episode Num	09
boat	4	Episode Num	13
boat	4	Episode Num	21
boat	2	Episode Num	06
boat	2	Episode Num	28
that's	5	Episode Num	20
that's	15	Episode Num	29
that's	8	Episode Num	08
that's	9	Episode Num	16
that's	13	Episode Num	30
that's	6	Episode Num	32
that's	6	Episode Num	39
that's	5	Episode Num	18
that's	8	Episode Num	38
that's	13	Episode Num	35
that's	14	Episode Num	05
that's	10	Episode Num	26
that's	14	Episode Num	34
that's	10	Episode Num	37
that's	4	Episode Num	07
that's	16	Episode Num	09
that's	6	Episode Num	14
that's	11	Episode Num	28
that's	9	Episode Num	22
that's	9	Episode Num	21
that's	5	Episode Num	31
that's	22	Episode Num	01
that's	9	Episode Num	04
that's	7	Episode Num	25
that's	7	Episode Num	15
that's	10	Episode Num	13
that's	10	Episode Num	10
that's	11	Episode Num	19
that's	6	Episode Num	24
that's	8	Episode Num	33
that's	13	Episode Num	27
that's	6	Episode Num	17
that's	12	Episode Num	03
that's	15	Episode Num	12
that's	5	Episode Num	21
that's	10	Episode Num	02
that's	8	Episode Num	11
that's	6	Episode Num	23
that's	5	Episode Num	06
that's	7	Episode Num	28
that's	13	Episode Num	36
that's	14	Episode Num	13
arrived	1	Episode Num	20
arrived	1	Episode Num	29
arrived	1	Episode Num	16
arrived	2	Episode Num	30
arrived	1	Episode Num	26
arrived	1	Episode Num	21
arrived	1	Episode Num	25
arrived	2	Episode Num	28
pretty	1	Episode Num	20
pretty	1	Episode Num	08
pretty	1	Episode Num	32
pretty	2	Episode Num	18
pretty	1	Episode Num	38
pretty	1	Episode Num	05
pretty	1	Episode Num	26
pretty	2	Episode Num	07
pretty	2	Episode Num	14
pretty	2	Episode Num	01
pretty	1	Episode Num	25
pretty	1	Episode Num	15
pretty	1	Episode Num	13
pretty	1	Episode Num	24
pretty	1	Episode Num	33
pretty	1	Episode Num	27
pretty	1	Episode Num	17
pretty	1	Episode Num	03
pretty	2	Episode Num	12
pretty	2	Episode Num	02
pretty	1	Episode Num	11
pretty	3	Episode Num	23
pretty	1	Episode Num	06
pretty	1	Episode Num	13
detailed	1	Episode Num	20
detailed	1	Episode Num	24
seems	1	Episode Num	20
seems	1	Episode Num	16
seems	1	Episode Num	32
seems	2	Episode Num	35
seems	2	Episode Num	26
seems	2	Episode Num	34
seems	2	Episode Num	28
seems	1	Episode Num	01
seems	2	Episode Num	15
seems	2	Episode Num	33
seems	3	Episode Num	17
seems	1	Episode Num	12
seems	3	Episode Num	21
seems	1	Episode Num	02
seems	1	Episode Num	11
seems	1	Episode Num	23
seems	1	Episode Num	06
seems	1	Episode Num	36
extremely	1	Episode Num	20
extremely	2	Episode Num	18
extremely	1	Episode Num	07
extremely	1	Episode Num	28
extremely	1	Episode Num	04
extremely	1	Episode Num	15
extremely	4	Episode Num	19
extremely	1	Episode Num	17
cautious	1	Episode Num	20
cautious	1	Episode Num	05
cautious	3	Episode Num	07
cautious	1	Episode Num	09
cautious	1	Episode Num	24
cautious	1	Episode Num	06
guess	4	Episode Num	20
guess	1	Episode Num	29
guess	1	Episode Num	08
guess	2	Episode Num	30
guess	2	Episode Num	32
guess	1	Episode Num	18
guess	2	Episode Num	26
guess	1	Episode Num	37
guess	2	Episode Num	07
guess	4	Episode Num	14
guess	2	Episode Num	22
guess	1	Episode Num	21
guess	1	Episode Num	31
guess	2	Episode Num	01
guess	1	Episode Num	15
guess	2	Episode Num	10
guess	3	Episode Num	19
guess	2	Episode Num	24
guess	3	Episode Num	33
guess	1	Episode Num	27
guess	1	Episode Num	17
guess	2	Episode Num	12
guess	2	Episode Num	21
guess	3	Episode Num	11
guess	1	Episode Num	36
guess	3	Episode Num	13
couldn't	1	Episode Num	20
couldn't	1	Episode Num	30
couldn't	2	Episode Num	32
couldn't	3	Episode Num	38
couldn't	1	Episode Num	35
couldn't	1	Episode Num	05
couldn't	1	Episode Num	26
couldn't	1	Episode Num	34
couldn't	2	Episode Num	37
couldn't	2	Episode Num	14
couldn't	1	Episode Num	28
couldn't	1	Episode Num	21
couldn't	1	Episode Num	31
couldn't	1	Episode Num	01
couldn't	1	Episode Num	04
couldn't	1	Episode Num	19
couldn't	2	Episode Num	33
couldn't	3	Episode Num	27
couldn't	1	Episode Num	17
couldn't	2	Episode Num	03
couldn't	1	Episode Num	12
couldn't	2	Episode Num	21
couldn't	1	Episode Num	11
couldn't	3	Episode Num	06
couldn't	5	Episode Num	13
mafia	1	Episode Num	20
otherwise	1	Episode Num	20
otherwise	1	Episode Num	16
otherwise	2	Episode Num	26
otherwise	2	Episode Num	27
otherwise	1	Episode Num	03
otherwise	1	Episode Num	28
anyway	1	Episode Num	20
anyway	1	Episode Num	08
anyway	1	Episode Num	39
anyway	1	Episode Num	34
anyway	1	Episode Num	14
anyway	1	Episode Num	28
anyway	1	Episode Num	01
anyway	1	Episode Num	04
anyway	1	Episode Num	25
anyway	1	Episode Num	10
anyway	1	Episode Num	19
anyway	1	Episode Num	27
anyway	1	Episode Num	21
anyway	1	Episode Num	23
means	1	Episode Num	20
means	1	Episode Num	29
means	2	Episode Num	08
means	1	Episode Num	16
means	1	Episode Num	30
means	1	Episode Num	32
means	3	Episode Num	18
means	2	Episode Num	35
means	2	Episode Num	05
means	1	Episode Num	37
means	1	Episode Num	07
means	2	Episode Num	09
means	1	Episode Num	14
means	3	Episode Num	28
means	2	Episode Num	22
means	1	Episode Num	21
means	1	Episode Num	04
means	4	Episode Num	25
means	1	Episode Num	15
means	1	Episode Num	13
means	3	Episode Num	10
means	1	Episode Num	19
means	2	Episode Num	24
means	3	Episode Num	27
means	4	Episode Num	17
means	5	Episode Num	03
means	2	Episode Num	12
means	1	Episode Num	21
means	1	Episode Num	02
means	2	Episode Num	23
means	1	Episode Num	28
means	3	Episode Num	36
means	3	Episode Num	13
ends	2	Episode Num	20
ends	2	Episode Num	08
ends	1	Episode Num	32
ends	1	Episode Num	39
ends	1	Episode Num	38
ends	1	Episode Num	26
ends	1	Episode Num	37
ends	1	Episode Num	07
ends	1	Episode Num	22
ends	3	Episode Num	21
ends	4	Episode Num	01
ends	4	Episode Num	13
ends	1	Episode Num	10
ends	1	Episode Num	19
ends	1	Episode Num	17
ends	1	Episode Num	21
ends	1	Episode Num	02
ends	6	Episode Num	11
ends	4	Episode Num	23
ends	2	Episode Num	06
ends	1	Episode Num	36
ends	1	Episode Num	13
made	2	Episode Num	20
made	5	Episode Num	29
made	1	Episode Num	08
made	2	Episode Num	16
made	1	Episode Num	30
made	1	Episode Num	32
made	1	Episode Num	39
made	1	Episode Num	18
made	1	Episode Num	38
made	1	Episode Num	35
made	4	Episode Num	05
made	3	Episode Num	26
made	4	Episode Num	07
made	1	Episode Num	14
made	2	Episode Num	28
made	2	Episode Num	22
made	3	Episode Num	21
made	1	Episode Num	31
made	2	Episode Num	04
made	7	Episode Num	25
made	1	Episode Num	15
made	1	Episode Num	10
made	1	Episode Num	19
made	1	Episode Num	24
made	3	Episode Num	27
made	1	Episode Num	17
made	1	Episode Num	03
made	1	Episode Num	12
made	1	Episode Num	21
made	1	Episode Num	02
made	4	Episode Num	28
made	3	Episode Num	36
made	1	Episode Num	13
out	14	Episode Num	20
out	27	Episode Num	29
out	23	Episode Num	08
out	10	Episode Num	16
out	16	Episode Num	30
out	17	Episode Num	32
out	18	Episode Num	39
out	16	Episode Num	18
out	25	Episode Num	38
out	15	Episode Num	35
out	33	Episode Num	05
out	26	Episode Num	26
out	12	Episode Num	34
out	8	Episode Num	37
out	24	Episode Num	07
out	32	Episode Num	09
out	22	Episode Num	14
out	21	Episode Num	28
out	29	Episode Num	22
out	20	Episode Num	21
out	6	Episode Num	31
out	36	Episode Num	01
out	22	Episode Num	04
out	11	Episode Num	25
out	15	Episode Num	15
out	26	Episode Num	13
out	29	Episode Num	10
out	21	Episode Num	19
out	21	Episode Num	24
out	19	Episode Num	33
out	23	Episode Num	27
out	23	Episode Num	17
out	28	Episode Num	03
out	32	Episode Num	12
out	23	Episode Num	21
out	20	Episode Num	02
out	29	Episode Num	11
out	28	Episode Num	23
out	14	Episode Num	06
out	12	Episode Num	28
out	13	Episode Num	36
out	26	Episode Num	13
alive	3	Episode Num	20
alive	1	Episode Num	29
alive	1	Episode Num	08
alive	3	Episode Num	16
alive	2	Episode Num	30
alive	1	Episode Num	32
alive	1	Episode Num	39
alive	3	Episode Num	38
alive	4	Episode Num	05
alive	2	Episode Num	26
alive	1	Episode Num	14
alive	1	Episode Num	21
alive	3	Episode Num	31
alive	1	Episode Num	01
alive	1	Episode Num	04
alive	4	Episode Num	25
alive	1	Episode Num	15
alive	2	Episode Num	24
alive	1	Episode Num	17
alive	2	Episode Num	21
alive	1	Episode Num	02
alive	3	Episode Num	06
alive	1	Episode Num	28
alive	1	Episode Num	13
all's	1	Episode Num	20
all's	1	Episode Num	29
well	3	Episode Num	20
well	5	Episode Num	29
well	2	Episode Num	08
well	2	Episode Num	16
well	3	Episode Num	30
well	2	Episode Num	39
well	3	Episode Num	18
well	5	Episode Num	38
well	3	Episode Num	35
well	2	Episode Num	05
well	5	Episode Num	26
well	1	Episode Num	34
well	1	Episode Num	37
well	3	Episode Num	07
well	13	Episode Num	09
well	3	Episode Num	14
well	7	Episode Num	28
well	8	Episode Num	22
well	3	Episode Num	21
well	3	Episode Num	31
well	5	Episode Num	01
well	5	Episode Num	04
well	1	Episode Num	25
well	1	Episode Num	13
well	2	Episode Num	10
well	6	Episode Num	19
well	3	Episode Num	24
well	6	Episode Num	33
well	5	Episode Num	27
well	8	Episode Num	17
well	6	Episode Num	03
well	7	Episode Num	12
well	4	Episode Num	11
well	1	Episode Num	23
well	2	Episode Num	06
well	3	Episode Num	28
well	1	Episode Num	36
well	5	Episode Num	13
yeah	3	Episode Num	20
yeah	3	Episode Num	08
yeah	4	Episode Num	16
yeah	1	Episode Num	30
yeah	1	Episode Num	18
yeah	3	Episode Num	38
yeah	3	Episode Num	35
yeah	5	Episode Num	05
yeah	3	Episode Num	26
yeah	2	Episode Num	34
yeah	4	Episode Num	07
yeah	3	Episode Num	09
yeah	3	Episode Num	14
yeah	2	Episode Num	28
yeah	11	Episode Num	22
yeah	5	Episode Num	21
yeah	1	Episode Num	31
yeah	3	Episode Num	01
yeah	1	Episode Num	15
yeah	4	Episode Num	13
yeah	4	Episode Num	10
yeah	2	Episode Num	19
yeah	1	Episode Num	24
yeah	1	Episode Num	33
yeah	1	Episode Num	17
yeah	1	Episode Num	03
yeah	3	Episode Num	21
yeah	1	Episode Num	02
yeah	2	Episode Num	11
yeah	4	Episode Num	23
yeah	2	Episode Num	06
yeah	1	Episode Num	36
yeah	1	Episode Num	13
barely	1	Episode Num	20
barely	2	Episode Num	32
barely	2	Episode Num	38
barely	1	Episode Num	35
barely	1	Episode Num	37
barely	1	Episode Num	28
barely	1	Episode Num	24
barely	1	Episode Num	27
barely	1	Episode Num	21
barely	1	Episode Num	36
though	4	Episode Num	20
though	5	Episode Num	29
though	2	Episode Num	08
though	5	Episode Num	16
though	4	Episode Num	30
though	9	Episode Num	32
though	4	Episode Num	39
though	1	Episode Num	18
though	2	Episode Num	38
though	2	Episode Num	35
though	3	Episode Num	05
though	1	Episode Num	26
though	3	Episode Num	34
though	1	Episode Num	37
though	1	Episode Num	07
though	2	Episode Num	09
though	3	Episode Num	14
though	3	Episode Num	28
though	2	Episode Num	22
though	2	Episode Num	21
though	5	Episode Num	31
though	3	Episode Num	01
though	2	Episode Num	25
though	2	Episode Num	15
though	3	Episode Num	13
though	5	Episode Num	10
though	1	Episode Num	19
though	1	Episode Num	24
though	3	Episode Num	33
though	3	Episode Num	27
though	2	Episode Num	17
though	1	Episode Num	03
though	2	Episode Num	12
though	4	Episode Num	21
though	5	Episode Num	02
though	1	Episode Num	11
though	4	Episode Num	23
though	3	Episode Num	28
though	2	Episode Num	36
though	4	Episode Num	13
let's	3	Episode Num	20
let's	3	Episode Num	29
let's	2	Episode Num	08
let's	1	Episode Num	30
let's	1	Episode Num	39
let's	2	Episode Num	18
let's	4	Episode Num	38
let's	1	Episode Num	35
let's	2	Episode Num	05
let's	4	Episode Num	07
let's	2	Episode Num	09
let's	1	Episode Num	14
let's	5	Episode Num	28
let's	11	Episode Num	22
let's	2	Episode Num	21
let's	3	Episode Num	31
let's	4	Episode Num	01
let's	2	Episode Num	04
let's	1	Episode Num	25
let's	1	Episode Num	15
let's	2	Episode Num	13
let's	3	Episode Num	10
let's	4	Episode Num	19
let's	5	Episode Num	24
let's	4	Episode Num	33
let's	4	Episode Num	17
let's	3	Episode Num	12
let's	2	Episode Num	21
let's	2	Episode Num	02
let's	2	Episode Num	23
let's	1	Episode Num	06
let's	1	Episode Num	28
let's	1	Episode Num	36
let's	1	Episode Num	13
live	8	Episode Num	20
live	3	Episode Num	29
live	3	Episode Num	08
live	5	Episode Num	16
live	5	Episode Num	30
live	1	Episode Num	32
live	3	Episode Num	39
live	2	Episode Num	18
live	6	Episode Num	38
live	4	Episode Num	05
live	4	Episode Num	26
live	4	Episode Num	09
live	4	Episode Num	14
live	1	Episode Num	28
live	9	Episode Num	21
live	3	Episode Num	31
live	2	Episode Num	01
live	3	Episode Num	04
live	5	Episode Num	25
live	3	Episode Num	15
live	2	Episode Num	13
live	2	Episode Num	10
live	2	Episode Num	24
live	2	Episode Num	33
live	1	Episode Num	27
live	1	Episode Num	17
live	2	Episode Num	03
live	3	Episode Num	12
live	3	Episode Num	21
live	4	Episode Num	02
live	1	Episode Num	11
live	6	Episode Num	06
live	4	Episode Num	28
live	2	Episode Num	36
live	2	Episode Num	13
up	8	Episode Num	20
up	23	Episode Num	29
up	19	Episode Num	08
up	14	Episode Num	16
up	14	Episode Num	30
up	14	Episode Num	32
up	12	Episode Num	39
up	15	Episode Num	18
up	14	Episode Num	38
up	28	Episode Num	35
up	24	Episode Num	05
up	8	Episode Num	26
up	10	Episode Num	34
up	7	Episode Num	37
up	10	Episode Num	07
up	17	Episode Num	09
up	12	Episode Num	14
up	19	Episode Num	28
up	14	Episode Num	22
up	18	Episode Num	21
up	15	Episode Num	31
up	11	Episode Num	01
up	3	Episode Num	04
up	19	Episode Num	25
up	13	Episode Num	15
up	11	Episode Num	13
up	15	Episode Num	10
up	26	Episode Num	19
up	11	Episode Num	24
up	20	Episode Num	33
up	4	Episode Num	27
up	17	Episode Num	17
up	11	Episode Num	03
up	14	Episode Num	12
up	7	Episode Num	21
up	13	Episode Num	02
up	12	Episode Num	11
up	7	Episode Num	23
up	9	Episode Num	06
up	17	Episode Num	28
up	10	Episode Num	36
up	9	Episode Num	13
venice	1	Episode Num	20
venice	1	Episode Num	29
venice	3	Episode Num	30
venice	10	Episode Num	18
venice	4	Episode Num	14
venice	3	Episode Num	22
venice	2	Episode Num	19
venice	1	Episode Num	24
venice	1	Episode Num	33
venice	2	Episode Num	17
venice	4	Episode Num	21
venice	2	Episode Num	23
few	2	Episode Num	20
few	3	Episode Num	29
few	1	Episode Num	16
few	2	Episode Num	39
few	1	Episode Num	38
few	1	Episode Num	35
few	1	Episode Num	34
few	1	Episode Num	37
few	2	Episode Num	09
few	1	Episode Num	22
few	1	Episode Num	21
few	2	Episode Num	31
few	3	Episode Num	10
few	1	Episode Num	19
few	1	Episode Num	24
few	2	Episode Num	33
few	6	Episode Num	27
few	1	Episode Num	03
few	1	Episode Num	12
few	1	Episode Num	21
few	2	Episode Num	02
few	2	Episode Num	11
few	1	Episode Num	23
few	1	Episode Num	28
few	1	Episode Num	36
days	1	Episode Num	20
days	1	Episode Num	30
days	2	Episode Num	39
days	1	Episode Num	05
days	1	Episode Num	09
days	1	Episode Num	21
days	1	Episode Num	25
days	1	Episode Num	10
days	1	Episode Num	33
days	1	Episode Num	27
days	1	Episode Num	11
days	1	Episode Num	28
before	2	Episode Num	20
before	3	Episode Num	29
before	3	Episode Num	16
before	3	Episode Num	30
before	5	Episode Num	32
before	1	Episode Num	39
before	5	Episode Num	18
before	2	Episode Num	35
before	3	Episode Num	05
before	3	Episode Num	26
before	3	Episode Num	34
before	1	Episode Num	37
before	3	Episode Num	07
before	1	Episode Num	09
before	3	Episode Num	14
before	6	Episode Num	28
before	3	Episode Num	22
before	1	Episode Num	21
before	3	Episode Num	31
before	4	Episode Num	01
before	3	Episode Num	04
before	2	Episode Num	25
before	2	Episode Num	13
before	1	Episode Num	10
before	2	Episode Num	19
before	2	Episode Num	24
before	3	Episode Num	33
before	5	Episode Num	27
before	2	Episode Num	17
before	1	Episode Num	12
before	2	Episode Num	21
before	1	Episode Num	02
before	1	Episode Num	23
before	1	Episode Num	28
before	1	Episode Num	36
before	1	Episode Num	13
go	50	Episode Num	20
go	36	Episode Num	29
go	31	Episode Num	08
go	46	Episode Num	16
go	52	Episode Num	30
go	19	Episode Num	32
go	28	Episode Num	39
go	46	Episode Num	18
go	31	Episode Num	38
go	27	Episode Num	35
go	42	Episode Num	05
go	22	Episode Num	26
go	24	Episode Num	34
go	23	Episode Num	37
go	44	Episode Num	07
go	41	Episode Num	09
go	33	Episode Num	14
go	37	Episode Num	28
go	27	Episode Num	22
go	39	Episode Num	21
go	25	Episode Num	31
go	27	Episode Num	01
go	36	Episode Num	04
go	27	Episode Num	25
go	21	Episode Num	15
go	43	Episode Num	13
go	28	Episode Num	10
go	21	Episode Num	19
go	31	Episode Num	24
go	29	Episode Num	33
go	37	Episode Num	27
go	40	Episode Num	17
go	34	Episode Num	03
go	66	Episode Num	12
go	42	Episode Num	21
go	49	Episode Num	02
go	36	Episode Num	11
go	40	Episode Num	23
go	32	Episode Num	06
go	45	Episode Num	28
go	32	Episode Num	36
go	35	Episode Num	13
home	2	Episode Num	20
home	1	Episode Num	29
home	1	Episode Num	38
home	2	Episode Num	35
home	1	Episode Num	26
home	1	Episode Num	37
home	2	Episode Num	07
home	1	Episode Num	09
home	1	Episode Num	14
home	2	Episode Num	28
home	3	Episode Num	21
home	1	Episode Num	01
home	1	Episode Num	25
home	1	Episode Num	10
home	1	Episode Num	12
home	1	Episode Num	21
home	3	Episode Num	02
home	5	Episode Num	11
home	1	Episode Num	28
hear	4	Episode Num	20
hear	3	Episode Num	29
hear	3	Episode Num	08
hear	14	Episode Num	16
hear	6	Episode Num	30
hear	9	Episode Num	32
hear	1	Episode Num	39
hear	3	Episode Num	18
hear	6	Episode Num	38
hear	2	Episode Num	35
hear	3	Episode Num	05
hear	5	Episode Num	26
hear	2	Episode Num	37
hear	4	Episode Num	07
hear	3	Episode Num	09
hear	3	Episode Num	14
hear	3	Episode Num	28
hear	2	Episode Num	22
hear	6	Episode Num	21
hear	1	Episode Num	31
hear	2	Episode Num	01
hear	2	Episode Num	04
hear	2	Episode Num	15
hear	1	Episode Num	13
hear	2	Episode Num	10
hear	1	Episode Num	19
hear	2	Episode Num	24
hear	8	Episode Num	33
hear	3	Episode Num	17
hear	4	Episode Num	12
hear	4	Episode Num	21
hear	2	Episode Num	02
hear	2	Episode Num	11
hear	1	Episode Num	23
hear	2	Episode Num	06
hear	2	Episode Num	28
hear	2	Episode Num	13
food's	1	Episode Num	20
good	11	Episode Num	20
good	4	Episode Num	29
good	3	Episode Num	08
good	4	Episode Num	16
good	9	Episode Num	30
good	1	Episode Num	39
good	1	Episode Num	18
good	2	Episode Num	38
good	3	Episode Num	05
good	7	Episode Num	26
good	1	Episode Num	34
good	1	Episode Num	37
good	6	Episode Num	07
good	3	Episode Num	09
good	2	Episode Num	14
good	1	Episode Num	28
good	1	Episode Num	22
good	5	Episode Num	21
good	4	Episode Num	31
good	3	Episode Num	01
good	1	Episode Num	25
good	3	Episode Num	13
good	2	Episode Num	10
good	1	Episode Num	24
good	3	Episode Num	33
good	3	Episode Num	27
good	12	Episode Num	17
good	5	Episode Num	03
good	3	Episode Num	12
good	3	Episode Num	21
good	5	Episode Num	02
good	2	Episode Num	11
good	4	Episode Num	23
good	2	Episode Num	06
good	5	Episode Num	28
good	4	Episode Num	36
good	1	Episode Num	13
food	3	Episode Num	20
food	1	Episode Num	07
food	1	Episode Num	09
food	2	Episode Num	22
food	1	Episode Num	02
food	1	Episode Num	11
remembered	1	Episode Num	20
remembered	1	Episode Num	38
remembered	1	Episode Num	28
remembered	1	Episode Num	22
remembered	1	Episode Num	11
hungry	1	Episode Num	20
hungry	1	Episode Num	22
hungry	1	Episode Num	17
hungry	1	Episode Num	21
kind	3	Episode Num	20
kind	2	Episode Num	29
kind	1	Episode Num	16
kind	2	Episode Num	32
kind	3	Episode Num	18
kind	2	Episode Num	38
kind	1	Episode Num	35
kind	1	Episode Num	05
kind	1	Episode Num	34
kind	2	Episode Num	37
kind	3	Episode Num	09
kind	3	Episode Num	14
kind	3	Episode Num	22
kind	1	Episode Num	21
kind	2	Episode Num	01
kind	3	Episode Num	24
kind	1	Episode Num	33
kind	2	Episode Num	17
kind	1	Episode Num	12
kind	1	Episode Num	21
kind	1	Episode Num	23
kind	2	Episode Num	06
kind	1	Episode Num	28
squid	1	Episode Num	20
ink	7	Episode Num	20
ink	4	Episode Num	29
ink	6	Episode Num	08
ink	6	Episode Num	16
ink	7	Episode Num	30
ink	13	Episode Num	32
ink	7	Episode Num	39
ink	6	Episode Num	18
ink	5	Episode Num	38
ink	2	Episode Num	35
ink	11	Episode Num	05
ink	5	Episode Num	26
ink	7	Episode Num	34
ink	2	Episode Num	37
ink	4	Episode Num	07
ink	3	Episode Num	09
ink	24	Episode Num	14
ink	6	Episode Num	28
ink	5	Episode Num	22
ink	8	Episode Num	21
ink	5	Episode Num	31
ink	10	Episode Num	01
ink	4	Episode Num	04
ink	2	Episode Num	25
ink	7	Episode Num	15
ink	1	Episode Num	13
ink	18	Episode Num	10
ink	3	Episode Num	19
ink	2	Episode Num	24
ink	6	Episode Num	33
ink	3	Episode Num	27
ink	9	Episode Num	17
ink	2	Episode Num	03
ink	6	Episode Num	12
ink	7	Episode Num	21
ink	6	Episode Num	02
ink	11	Episode Num	11
ink	5	Episode Num	23
ink	1	Episode Num	06
ink	4	Episode Num	28
ink	2	Episode Num	36
ink	2	Episode Num	13
pasta	1	Episode Num	20
horsehair	1	Episode Num	20
crab	1	Episode Num	20
salad	1	Episode Num	20
carpaccio	1	Episode Num	20
hotel	1	Episode Num	20
hotel	1	Episode Num	09
hotel	3	Episode Num	01
cipriani	1	Episode Num	20
fantastic	1	Episode Num	20
hey	11	Episode Num	20
hey	17	Episode Num	29
hey	13	Episode Num	08
hey	6	Episode Num	16
hey	17	Episode Num	30
hey	11	Episode Num	32
hey	17	Episode Num	39
hey	13	Episode Num	18
hey	15	Episode Num	38
hey	11	Episode Num	35
hey	32	Episode Num	05
hey	11	Episode Num	26
hey	12	Episode Num	34
hey	2	Episode Num	37
hey	27	Episode Num	07
hey	21	Episode Num	09
hey	36	Episode Num	14
hey	15	Episode Num	28
hey	26	Episode Num	22
hey	23	Episode Num	21
hey	4	Episode Num	31
hey	12	Episode Num	01
hey	8	Episode Num	04
hey	2	Episode Num	25
hey	9	Episode Num	15
hey	7	Episode Num	13
hey	21	Episode Num	10
hey	9	Episode Num	19
hey	11	Episode Num	24
hey	7	Episode Num	33
hey	4	Episode Num	27
hey	18	Episode Num	17
hey	7	Episode Num	03
hey	8	Episode Num	12
hey	7	Episode Num	21
hey	8	Episode Num	02
hey	8	Episode Num	11
hey	20	Episode Num	23
hey	22	Episode Num	06
hey	9	Episode Num	28
hey	6	Episode Num	36
hey	5	Episode Num	13
b*stards	1	Episode Num	20
b*stards	1	Episode Num	29
b*stards	1	Episode Num	16
b*stards	1	Episode Num	28
b*stards	1	Episode Num	21
b*stards	1	Episode Num	10
b*stards	1	Episode Num	19
b*stards	2	Episode Num	11
don't	9	Episode Num	20
don't	10	Episode Num	29
don't	7	Episode Num	08
don't	10	Episode Num	16
don't	5	Episode Num	30
don't	11	Episode Num	32
don't	15	Episode Num	39
don't	4	Episode Num	18
don't	12	Episode Num	38
don't	9	Episode Num	35
don't	12	Episode Num	05
don't	19	Episode Num	26
don't	16	Episode Num	34
don't	11	Episode Num	37
don't	12	Episode Num	07
don't	11	Episode Num	09
don't	16	Episode Num	14
don't	12	Episode Num	28
don't	13	Episode Num	22
don't	8	Episode Num	21
don't	6	Episode Num	31
don't	18	Episode Num	01
don't	10	Episode Num	04
don't	12	Episode Num	25
don't	18	Episode Num	15
don't	8	Episode Num	13
don't	4	Episode Num	10
don't	10	Episode Num	19
don't	6	Episode Num	24
don't	18	Episode Num	33
don't	8	Episode Num	27
don't	12	Episode Num	17
don't	3	Episode Num	03
don't	17	Episode Num	12
don't	14	Episode Num	21
don't	13	Episode Num	02
don't	13	Episode Num	11
don't	10	Episode Num	23
don't	7	Episode Num	06
don't	7	Episode Num	28
don't	6	Episode Num	36
don't	7	Episode Num	13
guard	6	Episode Num	20
guard	5	Episode Num	08
guard	1	Episode Num	16
guard	1	Episode Num	18
guard	1	Episode Num	26
guard	1	Episode Num	34
guard	8	Episode Num	09
guard	5	Episode Num	22
guard	2	Episode Num	21
guard	3	Episode Num	01
guard	6	Episode Num	13
guard	2	Episode Num	33
guard	1	Episode Num	27
guard	1	Episode Num	17
guard	1	Episode Num	12
guard	3	Episode Num	21
guard	1	Episode Num	23
guard	5	Episode Num	28
down	5	Episode Num	20
down	13	Episode Num	29
down	4	Episode Num	08
down	4	Episode Num	16
down	12	Episode Num	30
down	1	Episode Num	32
down	4	Episode Num	39
down	4	Episode Num	18
down	2	Episode Num	35
down	2	Episode Num	05
down	1	Episode Num	26
down	2	Episode Num	34
down	3	Episode Num	09
down	4	Episode Num	14
down	3	Episode Num	28
down	2	Episode Num	22
down	2	Episode Num	21
down	2	Episode Num	31
down	3	Episode Num	01
down	4	Episode Num	04
down	2	Episode Num	25
down	3	Episode Num	13
down	4	Episode Num	10
down	1	Episode Num	19
down	3	Episode Num	24
down	5	Episode Num	33
down	4	Episode Num	27
down	2	Episode Num	17
down	4	Episode Num	03
down	2	Episode Num	12
down	2	Episode Num	21
down	1	Episode Num	11
down	12	Episode Num	23
down	4	Episode Num	06
down	2	Episode Num	28
down	2	Episode Num	13
mission's	1	Episode Num	20
mission's	1	Episode Num	21
yet	1	Episode Num	20
yet	1	Episode Num	29
yet	1	Episode Num	16
yet	1	Episode Num	30
yet	1	Episode Num	32
yet	5	Episode Num	39
yet	2	Episode Num	18
yet	1	Episode Num	38
yet	2	Episode Num	35
yet	2	Episode Num	05
yet	1	Episode Num	26
yet	1	Episode Num	34
yet	3	Episode Num	07
yet	4	Episode Num	09
yet	1	Episode Num	14
yet	2	Episode Num	28
yet	1	Episode Num	22
yet	1	Episode Num	21
yet	3	Episode Num	01
yet	2	Episode Num	25
yet	1	Episode Num	13
yet	1	Episode Num	10
yet	2	Episode Num	19
yet	3	Episode Num	24
yet	3	Episode Num	33
yet	4	Episode Num	17
yet	2	Episode Num	21
yet	1	Episode Num	02
yet	1	Episode Num	23
yet	4	Episode Num	06
yet	1	Episode Num	28
yet	3	Episode Num	13
narancia	1	Episode Num	20
narancia	5	Episode Num	29
narancia	2	Episode Num	30
narancia	1	Episode Num	32
narancia	2	Episode Num	38
narancia	11	Episode Num	35
narancia	19	Episode Num	05
narancia	10	Episode Num	34
narancia	11	Episode Num	09
narancia	4	Episode Num	14
narancia	13	Episode Num	28
narancia	28	Episode Num	22
narancia	4	Episode Num	21
narancia	1	Episode Num	31
narancia	2	Episode Num	25
narancia	2	Episode Num	15
narancia	3	Episode Num	13
narancia	9	Episode Num	10
narancia	1	Episode Num	19
narancia	7	Episode Num	24
narancia	2	Episode Num	27
narancia	6	Episode Num	21
narancia	22	Episode Num	11
narancia	16	Episode Num	23
narancia	10	Episode Num	06
narancia	1	Episode Num	28
narancia	5	Episode Num	36
eye	1	Episode Num	20
eye	3	Episode Num	16
eye	1	Episode Num	32
eye	2	Episode Num	39
eye	4	Episode Num	18
eye	2	Episode Num	38
eye	1	Episode Num	35
eye	1	Episode Num	05
eye	4	Episode Num	26
eye	1	Episode Num	34
eye	1	Episode Num	37
eye	1	Episode Num	07
eye	2	Episode Num	14
eye	1	Episode Num	21
eye	9	Episode Num	01
eye	1	Episode Num	04
eye	1	Episode Num	15
eye	2	Episode Num	13
eye	2	Episode Num	19
eye	3	Episode Num	33
eye	1	Episode Num	27
eye	4	Episode Num	17
eye	1	Episode Num	03
eye	1	Episode Num	21
eye	4	Episode Num	02
eye	8	Episode Num	11
eye	1	Episode Num	36
radar	1	Episode Num	20
radar	1	Episode Num	32
radar	2	Episode Num	35
radar	1	Episode Num	34
radar	1	Episode Num	28
radar	1	Episode Num	11
radar	5	Episode Num	23
radar	1	Episode Num	28
s-sure	1	Episode Num	20
s-sure	1	Episode Num	35
volunteer	1	Episode Num	20
volunteer	1	Episode Num	29
who	11	Episode Num	20
who	11	Episode Num	29
who	7	Episode Num	08
who	8	Episode Num	16
who	7	Episode Num	30
who	8	Episode Num	32
who	12	Episode Num	39
who	3	Episode Num	18
who	10	Episode Num	38
who	6	Episode Num	35
who	12	Episode Num	05
who	13	Episode Num	26
who	17	Episode Num	34
who	13	Episode Num	37
who	14	Episode Num	07
who	19	Episode Num	09
who	2	Episode Num	14
who	12	Episode Num	28
who	9	Episode Num	22
who	14	Episode Num	21
who	3	Episode Num	31
who	23	Episode Num	01
who	7	Episode Num	04
who	7	Episode Num	25
who	9	Episode Num	15
who	11	Episode Num	13
who	7	Episode Num	10
who	6	Episode Num	19
who	11	Episode Num	24
who	15	Episode Num	33
who	9	Episode Num	27
who	8	Episode Num	17
who	14	Episode Num	03
who	8	Episode Num	12
who	6	Episode Num	21
who	17	Episode Num	02
who	8	Episode Num	11
who	4	Episode Num	23
who	6	Episode Num	06
who	9	Episode Num	28
who	3	Episode Num	36
who	9	Episode Num	13
hell	4	Episode Num	20
hell	5	Episode Num	29
hell	8	Episode Num	08
hell	8	Episode Num	16
hell	3	Episode Num	30
hell	7	Episode Num	32
hell	15	Episode Num	39
hell	12	Episode Num	18
hell	6	Episode Num	38
hell	6	Episode Num	35
hell	8	Episode Num	05
hell	7	Episode Num	26
hell	8	Episode Num	34
hell	9	Episode Num	07
hell	13	Episode Num	09
hell	10	Episode Num	14
hell	9	Episode Num	28
hell	5	Episode Num	22
hell	4	Episode Num	21
hell	3	Episode Num	31
hell	3	Episode Num	01
hell	2	Episode Num	04
hell	2	Episode Num	25
hell	9	Episode Num	15
hell	7	Episode Num	13
hell	10	Episode Num	10
hell	7	Episode Num	19
hell	6	Episode Num	24
hell	5	Episode Num	33
hell	1	Episode Num	27
hell	7	Episode Num	17
hell	2	Episode Num	03
hell	2	Episode Num	12
hell	6	Episode Num	21
hell	2	Episode Num	02
hell	4	Episode Num	11
hell	1	Episode Num	23
hell	4	Episode Num	06
hell	4	Episode Num	28
hell	4	Episode Num	36
hell	4	Episode Num	13
think	6	Episode Num	20
think	4	Episode Num	29
think	6	Episode Num	08
think	4	Episode Num	16
think	2	Episode Num	30
think	13	Episode Num	32
think	7	Episode Num	39
think	4	Episode Num	18
think	5	Episode Num	38
think	2	Episode Num	35
think	4	Episode Num	05
think	4	Episode Num	26
think	5	Episode Num	34
think	2	Episode Num	37
think	4	Episode Num	07
think	2	Episode Num	09
think	12	Episode Num	14
think	6	Episode Num	28
think	5	Episode Num	22
think	7	Episode Num	21
think	5	Episode Num	31
think	10	Episode Num	01
think	4	Episode Num	04
think	1	Episode Num	25
think	5	Episode Num	15
think	1	Episode Num	13
think	6	Episode Num	10
think	3	Episode Num	19
think	2	Episode Num	24
think	6	Episode Num	33
think	2	Episode Num	27
think	5	Episode Num	17
think	2	Episode Num	03
think	6	Episode Num	12
think	7	Episode Num	21
think	5	Episode Num	02
think	11	Episode Num	11
think	5	Episode Num	23
think	1	Episode Num	06
think	3	Episode Num	28
think	2	Episode Num	36
think	2	Episode Num	13
bucciarati's	5	Episode Num	20
bucciarati's	3	Episode Num	16
bucciarati's	5	Episode Num	39
bucciarati's	1	Episode Num	18
bucciarati's	1	Episode Num	38
bucciarati's	4	Episode Num	35
bucciarati's	1	Episode Num	34
bucciarati's	1	Episode Num	37
bucciarati's	2	Episode Num	07
bucciarati's	4	Episode Num	09
bucciarati's	1	Episode Num	22
bucciarati's	4	Episode Num	21
bucciarati's	2	Episode Num	15
bucciarati's	2	Episode Num	13
bucciarati's	1	Episode Num	24
bucciarati's	2	Episode Num	33
bucciarati's	5	Episode Num	17
bucciarati's	1	Episode Num	03
bucciarati's	2	Episode Num	21
bucciarati's	1	Episode Num	11
bucciarati's	1	Episode Num	36
capo	4	Episode Num	20
capo	2	Episode Num	16
capo	1	Episode Num	18
capo	2	Episode Num	38
capo	13	Episode Num	05
capo	1	Episode Num	07
capo	10	Episode Num	09
capo	4	Episode Num	21
capo	1	Episode Num	04
capo	2	Episode Num	15
capo	8	Episode Num	13
capo	1	Episode Num	19
capo	2	Episode Num	03
capo	1	Episode Num	21
capo	2	Episode Num	11
capo	1	Episode Num	06
capo	6	Episode Num	28
course	3	Episode Num	20
course	1	Episode Num	08
course	1	Episode Num	30
course	1	Episode Num	39
course	1	Episode Num	38
course	4	Episode Num	05
course	2	Episode Num	07
course	3	Episode Num	09
course	3	Episode Num	22
course	1	Episode Num	31
course	1	Episode Num	01
course	1	Episode Num	15
course	1	Episode Num	13
course	2	Episode Num	19
course	3	Episode Num	33
course	2	Episode Num	27
course	1	Episode Num	17
course	1	Episode Num	03
course	1	Episode Num	02
course	1	Episode Num	11
course	1	Episode Num	36
course	1	Episode Num	13
he's	7	Episode Num	20
he's	8	Episode Num	29
he's	9	Episode Num	08
he's	11	Episode Num	16
he's	5	Episode Num	30
he's	9	Episode Num	32
he's	1	Episode Num	39
he's	4	Episode Num	18
he's	7	Episode Num	38
he's	8	Episode Num	35
he's	9	Episode Num	05
he's	8	Episode Num	26
he's	5	Episode Num	34
he's	6	Episode Num	37
he's	21	Episode Num	07
he's	10	Episode Num	09
he's	3	Episode Num	14
he's	8	Episode Num	28
he's	7	Episode Num	22
he's	6	Episode Num	21
he's	11	Episode Num	31
he's	8	Episode Num	01
he's	3	Episode Num	04
he's	2	Episode Num	25
he's	3	Episode Num	15
he's	12	Episode Num	13
he's	2	Episode Num	10
he's	12	Episode Num	19
he's	8	Episode Num	24
he's	13	Episode Num	33
he's	10	Episode Num	27
he's	9	Episode Num	17
he's	5	Episode Num	03
he's	8	Episode Num	12
he's	6	Episode Num	21
he's	8	Episode Num	02
he's	4	Episode Num	11
he's	14	Episode Num	23
he's	10	Episode Num	06
he's	6	Episode Num	28
he's	12	Episode Num	36
he's	9	Episode Num	13
dumbass	1	Episode Num	20
dumbass	4	Episode Num	08
dumbass	1	Episode Num	16
dumbass	1	Episode Num	32
dumbass	2	Episode Num	39
dumbass	1	Episode Num	18
dumbass	2	Episode Num	26
dumbass	1	Episode Num	07
dumbass	2	Episode Num	09
dumbass	1	Episode Num	14
dumbass	1	Episode Num	31
dumbass	1	Episode Num	01
dumbass	1	Episode Num	33
dumbass	1	Episode Num	12
dumbass	3	Episode Num	36
didn't	2	Episode Num	20
didn't	3	Episode Num	29
didn't	3	Episode Num	08
didn't	2	Episode Num	16
didn't	5	Episode Num	30
didn't	1	Episode Num	32
didn't	5	Episode Num	39
didn't	2	Episode Num	18
didn't	3	Episode Num	35
didn't	5	Episode Num	05
didn't	4	Episode Num	26
didn't	6	Episode Num	37
didn't	2	Episode Num	07
didn't	3	Episode Num	09
didn't	5	Episode Num	14
didn't	1	Episode Num	28
didn't	3	Episode Num	22
didn't	2	Episode Num	21
didn't	2	Episode Num	31
didn't	6	Episode Num	01
didn't	5	Episode Num	04
didn't	1	Episode Num	25
didn't	4	Episode Num	15
didn't	5	Episode Num	13
didn't	2	Episode Num	10
didn't	1	Episode Num	19
didn't	3	Episode Num	24
didn't	2	Episode Num	33
didn't	2	Episode Num	27
didn't	4	Episode Num	03
didn't	5	Episode Num	12
didn't	6	Episode Num	21
didn't	6	Episode Num	02
didn't	5	Episode Num	11
didn't	4	Episode Num	23
didn't	3	Episode Num	06
didn't	2	Episode Num	28
didn't	2	Episode Num	36
didn't	1	Episode Num	13
specify	1	Episode Num	20
anyone	2	Episode Num	20
anyone	1	Episode Num	29
anyone	2	Episode Num	30
anyone	1	Episode Num	32
anyone	2	Episode Num	18
anyone	2	Episode Num	38
anyone	4	Episode Num	35
anyone	4	Episode Num	05
anyone	1	Episode Num	26
anyone	5	Episode Num	07
anyone	10	Episode Num	09
anyone	3	Episode Num	14
anyone	1	Episode Num	28
anyone	3	Episode Num	22
anyone	2	Episode Num	21
anyone	1	Episode Num	01
anyone	1	Episode Num	04
anyone	1	Episode Num	15
anyone	1	Episode Num	19
anyone	1	Episode Num	24
anyone	2	Episode Num	33
anyone	1	Episode Num	03
anyone	3	Episode Num	12
anyone	1	Episode Num	21
anyone	1	Episode Num	11
anyone	2	Episode Num	23
anyone	2	Episode Num	06
anyone	2	Episode Num	36
because	4	Episode Num	20
because	4	Episode Num	29
because	9	Episode Num	08
because	2	Episode Num	16
because	2	Episode Num	30
because	4	Episode Num	32
because	3	Episode Num	39
because	1	Episode Num	18
because	4	Episode Num	38
because	4	Episode Num	05
because	3	Episode Num	26
because	4	Episode Num	34
because	5	Episode Num	37
because	3	Episode Num	07
because	1	Episode Num	09
because	5	Episode Num	14
because	4	Episode Num	28
because	4	Episode Num	22
because	6	Episode Num	21
because	6	Episode Num	31
because	3	Episode Num	01
because	7	Episode Num	04
because	1	Episode Num	25
because	5	Episode Num	15
because	4	Episode Num	13
because	2	Episode Num	10
because	1	Episode Num	19
because	3	Episode Num	24
because	2	Episode Num	33
because	2	Episode Num	27
because	4	Episode Num	17
because	4	Episode Num	03
because	1	Episode Num	12
because	7	Episode Num	21
because	6	Episode Num	02
because	5	Episode Num	11
because	8	Episode Num	23
because	1	Episode Num	06
because	5	Episode Num	28
because	16	Episode Num	36
because	5	Episode Num	13
still	3	Episode Num	20
still	4	Episode Num	08
still	3	Episode Num	16
still	4	Episode Num	30
still	4	Episode Num	32
still	6	Episode Num	39
still	8	Episode Num	18
still	4	Episode Num	38
still	1	Episode Num	35
still	2	Episode Num	34
still	3	Episode Num	37
still	1	Episode Num	07
still	1	Episode Num	09
still	2	Episode Num	14
still	4	Episode Num	28
still	3	Episode Num	22
still	2	Episode Num	21
still	5	Episode Num	31
still	5	Episode Num	04
still	3	Episode Num	25
still	3	Episode Num	15
still	4	Episode Num	13
still	2	Episode Num	10
still	7	Episode Num	19
still	4	Episode Num	24
still	3	Episode Num	33
still	2	Episode Num	27
still	1	Episode Num	17
still	3	Episode Num	03
still	2	Episode Num	12
still	7	Episode Num	21
still	2	Episode Num	02
still	2	Episode Num	11
still	4	Episode Num	23
still	2	Episode Num	06
still	1	Episode Num	28
still	8	Episode Num	36
still	1	Episode Num	13
onto	2	Episode Num	20
onto	1	Episode Num	29
onto	1	Episode Num	08
onto	2	Episode Num	30
onto	1	Episode Num	39
onto	1	Episode Num	18
onto	1	Episode Num	14
onto	1	Episode Num	31
onto	1	Episode Num	25
onto	1	Episode Num	19
onto	3	Episode Num	24
onto	1	Episode Num	21
onto	1	Episode Num	28
as	48	Episode Num	20
as	47	Episode Num	29
as	42	Episode Num	08
as	38	Episode Num	16
as	29	Episode Num	30
as	34	Episode Num	32
as	46	Episode Num	39
as	37	Episode Num	18
as	49	Episode Num	38
as	31	Episode Num	35
as	46	Episode Num	05
as	46	Episode Num	26
as	39	Episode Num	34
as	32	Episode Num	37
as	39	Episode Num	07
as	59	Episode Num	09
as	31	Episode Num	14
as	37	Episode Num	28
as	36	Episode Num	22
as	67	Episode Num	21
as	33	Episode Num	31
as	56	Episode Num	01
as	37	Episode Num	04
as	39	Episode Num	25
as	41	Episode Num	15
as	31	Episode Num	13
as	40	Episode Num	10
as	40	Episode Num	19
as	42	Episode Num	24
as	34	Episode Num	33
as	36	Episode Num	27
as	42	Episode Num	17
as	54	Episode Num	03
as	51	Episode Num	12
as	43	Episode Num	21
as	44	Episode Num	02
as	46	Episode Num	11
as	31	Episode Num	23
as	48	Episode Num	06
as	27	Episode Num	28
as	55	Episode Num	36
as	33	Episode Num	13
ordered	1	Episode Num	20
ordered	1	Episode Num	30
ordered	1	Episode Num	39
ordered	1	Episode Num	38
ordered	1	Episode Num	05
ordered	3	Episode Num	09
ordered	1	Episode Num	14
ordered	1	Episode Num	21
ordered	1	Episode Num	15
ordered	1	Episode Num	13
ordered	2	Episode Num	21
ordered	1	Episode Num	02
ordered	1	Episode Num	11
ordered	1	Episode Num	23
ordered	1	Episode Num	28
ordered	1	Episode Num	13
chance	1	Episode Num	20
chance	2	Episode Num	29
chance	2	Episode Num	30
chance	2	Episode Num	32
chance	2	Episode Num	39
chance	2	Episode Num	37
chance	1	Episode Num	07
chance	3	Episode Num	22
chance	2	Episode Num	21
chance	2	Episode Num	04
chance	1	Episode Num	13
chance	2	Episode Num	10
chance	1	Episode Num	19
chance	2	Episode Num	33
chance	3	Episode Num	03
chance	1	Episode Num	12
chance	4	Episode Num	21
chance	1	Episode Num	11
chance	1	Episode Num	06
chance	2	Episode Num	36
chance	2	Episode Num	13
find	3	Episode Num	20
find	9	Episode Num	29
find	3	Episode Num	08
find	3	Episode Num	16
find	1	Episode Num	30
find	3	Episode Num	32
find	5	Episode Num	39
find	3	Episode Num	18
find	5	Episode Num	38
find	2	Episode Num	35
find	6	Episode Num	05
find	3	Episode Num	26
find	1	Episode Num	37
find	4	Episode Num	07
find	9	Episode Num	09
find	3	Episode Num	14
find	7	Episode Num	28
find	8	Episode Num	22
find	6	Episode Num	21
find	3	Episode Num	31
find	6	Episode Num	01
find	3	Episode Num	04
find	3	Episode Num	25
find	8	Episode Num	15
find	3	Episode Num	13
find	12	Episode Num	10
find	5	Episode Num	19
find	5	Episode Num	24
find	4	Episode Num	33
find	5	Episode Num	27
find	4	Episode Num	17
find	6	Episode Num	03
find	3	Episode Num	12
find	6	Episode Num	21
find	3	Episode Num	02
find	5	Episode Num	11
find	8	Episode Num	23
find	4	Episode Num	06
find	4	Episode Num	28
find	4	Episode Num	36
find	1	Episode Num	13
really	2	Episode Num	20
really	2	Episode Num	29
really	4	Episode Num	08
really	3	Episode Num	30
really	2	Episode Num	32
really	5	Episode Num	39
really	2	Episode Num	18
really	3	Episode Num	38
really	2	Episode Num	35
really	2	Episode Num	05
really	2	Episode Num	26
really	3	Episode Num	34
really	7	Episode Num	14
really	8	Episode Num	22
really	2	Episode Num	21
really	1	Episode Num	31
really	5	Episode Num	01
really	2	Episode Num	04
really	1	Episode Num	25
really	3	Episode Num	15
really	3	Episode Num	13
really	2	Episode Num	10
really	2	Episode Num	19
really	2	Episode Num	24
really	3	Episode Num	33
really	1	Episode Num	27
really	1	Episode Num	17
really	4	Episode Num	12
really	1	Episode Num	21
really	1	Episode Num	02
really	4	Episode Num	11
really	3	Episode Num	06
really	1	Episode Num	36
really	1	Episode Num	13
matter	3	Episode Num	20
matter	4	Episode Num	29
matter	4	Episode Num	08
matter	3	Episode Num	16
matter	2	Episode Num	30
matter	1	Episode Num	32
matter	1	Episode Num	39
matter	1	Episode Num	18
matter	1	Episode Num	38
matter	2	Episode Num	05
matter	1	Episode Num	34
matter	1	Episode Num	37
matter	1	Episode Num	07
matter	2	Episode Num	14
matter	1	Episode Num	22
matter	4	Episode Num	21
matter	1	Episode Num	31
matter	1	Episode Num	04
matter	1	Episode Num	25
matter	6	Episode Num	15
matter	3	Episode Num	13
matter	2	Episode Num	10
matter	1	Episode Num	19
matter	1	Episode Num	24
matter	3	Episode Num	33
matter	3	Episode Num	27
matter	1	Episode Num	17
matter	1	Episode Num	03
matter	5	Episode Num	12
matter	6	Episode Num	21
matter	4	Episode Num	02
matter	2	Episode Num	11
matter	1	Episode Num	23
matter	2	Episode Num	06
matter	2	Episode Num	28
matter	3	Episode Num	36
matter	2	Episode Num	13
oh	5	Episode Num	20
oh	3	Episode Num	30
oh	1	Episode Num	32
oh	2	Episode Num	39
oh	2	Episode Num	38
oh	6	Episode Num	05
oh	6	Episode Num	26
oh	2	Episode Num	34
oh	1	Episode Num	07
oh	3	Episode Num	09
oh	1	Episode Num	14
oh	2	Episode Num	28
oh	2	Episode Num	21
oh	3	Episode Num	31
oh	5	Episode Num	01
oh	2	Episode Num	04
oh	3	Episode Num	25
oh	2	Episode Num	15
oh	2	Episode Num	10
oh	2	Episode Num	19
oh	2	Episode Num	33
oh	2	Episode Num	27
oh	5	Episode Num	17
oh	5	Episode Num	03
oh	3	Episode Num	12
oh	2	Episode Num	02
oh	1	Episode Num	06
oh	1	Episode Num	28
oh	2	Episode Num	36
giorno	3	Episode Num	20
giorno	3	Episode Num	29
giorno	1	Episode Num	08
giorno	1	Episode Num	16
giorno	7	Episode Num	30
giorno	4	Episode Num	32
giorno	4	Episode Num	39
giorno	10	Episode Num	18
giorno	4	Episode Num	38
giorno	2	Episode Num	35
giorno	15	Episode Num	05
giorno	19	Episode Num	34
giorno	23	Episode Num	37
giorno	11	Episode Num	07
giorno	3	Episode Num	09
giorno	3	Episode Num	14
giorno	7	Episode Num	28
giorno	11	Episode Num	22
giorno	10	Episode Num	21
giorno	23	Episode Num	31
giorno	20	Episode Num	01
giorno	11	Episode Num	04
giorno	12	Episode Num	25
giorno	24	Episode Num	13
giorno	16	Episode Num	19
giorno	22	Episode Num	24
giorno	1	Episode Num	33
giorno	4	Episode Num	17
giorno	8	Episode Num	03
giorno	19	Episode Num	12
giorno	18	Episode Num	21
giorno	35	Episode Num	02
giorno	1	Episode Num	11
giorno	35	Episode Num	23
giorno	20	Episode Num	06
giorno	11	Episode Num	28
giorno	10	Episode Num	36
giorno	24	Episode Num	13
give	8	Episode Num	20
give	5	Episode Num	29
give	2	Episode Num	08
give	2	Episode Num	16
give	1	Episode Num	30
give	2	Episode Num	18
give	1	Episode Num	35
give	3	Episode Num	05
give	1	Episode Num	26
give	1	Episode Num	34
give	6	Episode Num	37
give	2	Episode Num	07
give	2	Episode Num	09
give	3	Episode Num	14
give	3	Episode Num	28
give	1	Episode Num	22
give	1	Episode Num	21
give	2	Episode Num	31
give	5	Episode Num	01
give	4	Episode Num	04
give	3	Episode Num	25
give	7	Episode Num	13
give	2	Episode Num	10
give	3	Episode Num	19
give	1	Episode Num	24
give	1	Episode Num	27
give	2	Episode Num	17
give	4	Episode Num	03
give	7	Episode Num	21
give	3	Episode Num	02
give	4	Episode Num	11
give	3	Episode Num	23
give	1	Episode Num	06
give	2	Episode Num	28
give	2	Episode Num	13
charm	2	Episode Num	20
charm	1	Episode Num	08
charm	2	Episode Num	21
wish	1	Episode Num	20
wish	1	Episode Num	39
wish	1	Episode Num	35
wish	1	Episode Num	21
luck	5	Episode Num	20
luck	1	Episode Num	29
luck	4	Episode Num	08
luck	4	Episode Num	16
luck	1	Episode Num	39
luck	3	Episode Num	38
luck	1	Episode Num	05
luck	2	Episode Num	26
luck	1	Episode Num	07
luck	2	Episode Num	09
luck	1	Episode Num	28
luck	4	Episode Num	21
luck	1	Episode Num	31
luck	1	Episode Num	15
luck	3	Episode Num	13
luck	1	Episode Num	19
luck	1	Episode Num	02
luck	1	Episode Num	11
luck	2	Episode Num	28
luck	1	Episode Num	36
luck	1	Episode Num	13
ladybugs	2	Episode Num	20
ladybugs	2	Episode Num	21
considered	1	Episode Num	20
considered	1	Episode Num	29
considered	1	Episode Num	21
considered	1	Episode Num	25
sun	1	Episode Num	20
sun	1	Episode Num	08
sun	1	Episode Num	16
sun	1	Episode Num	14
sun	2	Episode Num	21
sun	12	Episode Num	04
sun	3	Episode Num	13
sun	1	Episode Num	19
sun	1	Episode Num	12
sun	1	Episode Num	02
sun	1	Episode Num	28
sun	1	Episode Num	36
bugs	2	Episode Num	20
bugs	1	Episode Num	38
bugs	1	Episode Num	26
bugs	1	Episode Num	34
bugs	2	Episode Num	21
they're	2	Episode Num	20
they're	1	Episode Num	29
they're	3	Episode Num	08
they're	1	Episode Num	16
they're	2	Episode Num	30
they're	3	Episode Num	32
they're	2	Episode Num	39
they're	1	Episode Num	18
they're	2	Episode Num	38
they're	1	Episode Num	35
they're	5	Episode Num	05
they're	6	Episode Num	07
they're	6	Episode Num	09
they're	12	Episode Num	14
they're	3	Episode Num	28
they're	3	Episode Num	22
they're	6	Episode Num	21
they're	2	Episode Num	31
they're	1	Episode Num	01
they're	3	Episode Num	04
they're	1	Episode Num	25
they're	2	Episode Num	15
they're	1	Episode Num	13
they're	6	Episode Num	10
they're	2	Episode Num	19
they're	3	Episode Num	24
they're	1	Episode Num	33
they're	3	Episode Num	27
they're	5	Episode Num	17
they're	2	Episode Num	03
they're	1	Episode Num	21
they're	2	Episode Num	02
they're	4	Episode Num	23
they're	6	Episode Num	06
they're	1	Episode Num	28
they're	1	Episode Num	36
they're	1	Episode Num	13
symbols	1	Episode Num	20
symbols	1	Episode Num	21
life	4	Episode Num	20
life	2	Episode Num	29
life	2	Episode Num	08
life	2	Episode Num	16
life	2	Episode Num	30
life	1	Episode Num	32
life	1	Episode Num	39
life	2	Episode Num	18
life	3	Episode Num	38
life	1	Episode Num	35
life	1	Episode Num	26
life	2	Episode Num	09
life	2	Episode Num	14
life	3	Episode Num	28
life	1	Episode Num	22
life	4	Episode Num	21
life	6	Episode Num	31
life	3	Episode Num	01
life	5	Episode Num	04
life	3	Episode Num	25
life	4	Episode Num	13
life	7	Episode Num	19
life	9	Episode Num	24
life	2	Episode Num	33
life	1	Episode Num	17
life	5	Episode Num	12
life	3	Episode Num	21
life	4	Episode Num	02
life	1	Episode Num	11
life	1	Episode Num	23
life	3	Episode Num	06
life	4	Episode Num	28
life	3	Episode Num	36
life	5	Episode Num	13
charms	1	Episode Num	20
charms	1	Episode Num	21
yes	3	Episode Num	20
yes	4	Episode Num	29
yes	4	Episode Num	08
yes	4	Episode Num	16
yes	1	Episode Num	32
yes	1	Episode Num	39
yes	3	Episode Num	18
yes	1	Episode Num	38
yes	2	Episode Num	35
yes	2	Episode Num	05
yes	7	Episode Num	26
yes	2	Episode Num	34
yes	2	Episode Num	37
yes	1	Episode Num	07
yes	6	Episode Num	09
yes	1	Episode Num	14
yes	1	Episode Num	28
yes	5	Episode Num	22
yes	4	Episode Num	21
yes	1	Episode Num	31
yes	2	Episode Num	01
yes	2	Episode Num	04
yes	2	Episode Num	25
yes	2	Episode Num	15
yes	3	Episode Num	13
yes	1	Episode Num	10
yes	2	Episode Num	19
yes	1	Episode Num	24
yes	4	Episode Num	33
yes	3	Episode Num	27
yes	4	Episode Num	17
yes	3	Episode Num	03
yes	2	Episode Num	21
yes	3	Episode Num	02
yes	2	Episode Num	11
yes	6	Episode Num	23
yes	1	Episode Num	28
yes	3	Episode Num	36
yes	2	Episode Num	13
bring	1	Episode Num	20
bring	2	Episode Num	29
bring	1	Episode Num	30
bring	1	Episode Num	32
bring	4	Episode Num	39
bring	2	Episode Num	18
bring	1	Episode Num	38
bring	1	Episode Num	35
bring	1	Episode Num	05
bring	9	Episode Num	26
bring	1	Episode Num	09
bring	2	Episode Num	28
bring	3	Episode Num	21
bring	1	Episode Num	31
bring	1	Episode Num	01
bring	1	Episode Num	04
bring	2	Episode Num	10
bring	4	Episode Num	33
bring	2	Episode Num	27
bring	1	Episode Num	17
bring	2	Episode Num	12
bring	1	Episode Num	02
bring	2	Episode Num	11
bring	1	Episode Num	06
bring	1	Episode Num	28
bring	1	Episode Num	36
brooch	2	Episode Num	20
brooch	11	Episode Num	25
brooch	2	Episode Num	24
brooch	4	Episode Num	21
brooch	3	Episode Num	28
given	3	Episode Num	20
given	1	Episode Num	16
given	3	Episode Num	37
given	2	Episode Num	09
given	1	Episode Num	01
given	1	Episode Num	13
given	1	Episode Num	10
given	1	Episode Num	19
given	1	Episode Num	27
given	1	Episode Num	11
given	1	Episode Num	23
given	1	Episode Num	28
golden	1	Episode Num	20
golden	2	Episode Num	30
golden	4	Episode Num	18
golden	5	Episode Num	38
golden	2	Episode Num	35
golden	1	Episode Num	34
golden	9	Episode Num	37
golden	1	Episode Num	28
golden	1	Episode Num	22
golden	4	Episode Num	21
golden	4	Episode Num	31
golden	4	Episode Num	01
golden	5	Episode Num	04
golden	1	Episode Num	25
golden	3	Episode Num	13
golden	1	Episode Num	19
golden	8	Episode Num	24
golden	5	Episode Num	17
golden	4	Episode Num	03
golden	2	Episode Num	21
golden	8	Episode Num	02
golden	1	Episode Num	06
golden	4	Episode Num	28
golden	3	Episode Num	36
golden	2	Episode Num	13
wind's	1	Episode Num	20
wind's	2	Episode Num	37
wind's	1	Episode Num	31
wind's	3	Episode Num	24
wind's	1	Episode Num	03
wind's	1	Episode Num	21
ability	2	Episode Num	20
ability	4	Episode Num	29
ability	4	Episode Num	08
ability	5	Episode Num	16
ability	3	Episode Num	30
ability	2	Episode Num	32
ability	2	Episode Num	39
ability	5	Episode Num	18
ability	2	Episode Num	38
ability	4	Episode Num	35
ability	7	Episode Num	05
ability	3	Episode Num	26
ability	3	Episode Num	34
ability	3	Episode Num	37
ability	1	Episode Num	07
ability	5	Episode Num	09
ability	1	Episode Num	14
ability	1	Episode Num	22
ability	1	Episode Num	21
ability	5	Episode Num	31
ability	3	Episode Num	01
ability	8	Episode Num	04
ability	8	Episode Num	25
ability	2	Episode Num	15
ability	7	Episode Num	13
ability	8	Episode Num	10
ability	4	Episode Num	19
ability	1	Episode Num	24
ability	2	Episode Num	33
ability	5	Episode Num	27
ability	8	Episode Num	17
ability	4	Episode Num	03
ability	9	Episode Num	12
ability	13	Episode Num	21
ability	12	Episode Num	02
ability	5	Episode Num	11
ability	2	Episode Num	06
ability	10	Episode Num	28
ability	7	Episode Num	36
ability	5	Episode Num	13
act	6	Episode Num	20
act	8	Episode Num	29
act	7	Episode Num	08
act	9	Episode Num	16
act	2	Episode Num	30
act	5	Episode Num	32
act	3	Episode Num	39
act	3	Episode Num	18
act	8	Episode Num	38
act	3	Episode Num	35
act	11	Episode Num	05
act	7	Episode Num	26
act	5	Episode Num	37
act	3	Episode Num	07
act	10	Episode Num	09
act	9	Episode Num	14
act	5	Episode Num	28
act	8	Episode Num	22
act	7	Episode Num	21
act	6	Episode Num	31
act	13	Episode Num	01
act	8	Episode Num	04
act	5	Episode Num	25
act	5	Episode Num	15
act	7	Episode Num	13
act	3	Episode Num	10
act	8	Episode Num	19
act	7	Episode Num	24
act	4	Episode Num	33
act	5	Episode Num	27
act	3	Episode Num	17
act	11	Episode Num	03
act	10	Episode Num	12
act	10	Episode Num	21
act	7	Episode Num	02
act	8	Episode Num	11
act	9	Episode Num	23
act	9	Episode Num	06
act	9	Episode Num	28
act	6	Episode Num	36
act	7	Episode Num	13
fugo	1	Episode Num	20
fugo	4	Episode Num	39
fugo	2	Episode Num	38
fugo	1	Episode Num	35
fugo	6	Episode Num	05
fugo	1	Episode Num	07
fugo	4	Episode Num	09
fugo	2	Episode Num	14
fugo	8	Episode Num	21
fugo	6	Episode Num	13
fugo	1	Episode Num	10
fugo	1	Episode Num	17
fugo	47	Episode Num	12
fugo	3	Episode Num	21
fugo	1	Episode Num	11
fugo	3	Episode Num	06
fugo	11	Episode Num	13
thought	3	Episode Num	20
thought	5	Episode Num	16
thought	2	Episode Num	30
thought	6	Episode Num	32
thought	1	Episode Num	39
thought	1	Episode Num	35
thought	1	Episode Num	05
thought	1	Episode Num	34
thought	1	Episode Num	09
thought	1	Episode Num	14
thought	1	Episode Num	28
thought	2	Episode Num	22
thought	1	Episode Num	21
thought	2	Episode Num	31
thought	1	Episode Num	25
thought	1	Episode Num	15
thought	1	Episode Num	13
thought	2	Episode Num	10
thought	1	Episode Num	24
thought	3	Episode Num	27
thought	1	Episode Num	17
thought	1	Episode Num	03
thought	2	Episode Num	21
thought	2	Episode Num	02
thought	1	Episode Num	11
thought	1	Episode Num	23
thought	2	Episode Num	28
thought	1	Episode Num	13
opportunity	2	Episode Num	20
opportunity	1	Episode Num	05
opportunity	1	Episode Num	25
say	1	Episode Num	20
say	4	Episode Num	29
say	2	Episode Num	08
say	5	Episode Num	16
say	7	Episode Num	30
say	2	Episode Num	32
say	6	Episode Num	39
say	5	Episode Num	38
say	2	Episode Num	35
say	7	Episode Num	05
say	3	Episode Num	26
say	6	Episode Num	34
say	1	Episode Num	37
say	2	Episode Num	07
say	5	Episode Num	09
say	7	Episode Num	14
say	4	Episode Num	28
say	5	Episode Num	22
say	3	Episode Num	21
say	3	Episode Num	31
say	17	Episode Num	01
say	2	Episode Num	04
say	1	Episode Num	25
say	1	Episode Num	15
say	1	Episode Num	13
say	2	Episode Num	19
say	2	Episode Num	24
say	3	Episode Num	33
say	1	Episode Num	27
say	3	Episode Num	17
say	5	Episode Num	03
say	4	Episode Num	12
say	5	Episode Num	21
say	4	Episode Num	02
say	1	Episode Num	11
say	6	Episode Num	23
say	4	Episode Num	06
say	5	Episode Num	28
say	5	Episode Num	36
say	1	Episode Num	13
why	2	Episode Num	20
why	6	Episode Num	29
why	4	Episode Num	08
why	3	Episode Num	16
why	5	Episode Num	30
why	7	Episode Num	32
why	4	Episode Num	39
why	5	Episode Num	18
why	11	Episode Num	38
why	7	Episode Num	35
why	9	Episode Num	05
why	3	Episode Num	26
why	9	Episode Num	34
why	1	Episode Num	37
why	2	Episode Num	07
why	10	Episode Num	09
why	6	Episode Num	14
why	2	Episode Num	28
why	3	Episode Num	22
why	4	Episode Num	21
why	6	Episode Num	31
why	7	Episode Num	01
why	3	Episode Num	04
why	6	Episode Num	25
why	4	Episode Num	15
why	3	Episode Num	13
why	4	Episode Num	10
why	2	Episode Num	19
why	5	Episode Num	24
why	6	Episode Num	33
why	3	Episode Num	27
why	1	Episode Num	17
why	3	Episode Num	03
why	6	Episode Num	12
why	7	Episode Num	21
why	13	Episode Num	02
why	2	Episode Num	11
why	4	Episode Num	23
why	2	Episode Num	06
why	2	Episode Num	28
why	8	Episode Num	36
why	4	Episode Num	13
formal	1	Episode Num	20
formal	1	Episode Num	21
formal	1	Episode Num	10
knew	2	Episode Num	20
knew	1	Episode Num	29
knew	3	Episode Num	08
knew	1	Episode Num	16
knew	2	Episode Num	32
knew	1	Episode Num	18
knew	1	Episode Num	38
knew	2	Episode Num	05
knew	2	Episode Num	26
knew	1	Episode Num	34
knew	1	Episode Num	09
knew	1	Episode Num	14
knew	1	Episode Num	28
knew	1	Episode Num	31
knew	2	Episode Num	01
knew	1	Episode Num	25
knew	1	Episode Num	15
knew	2	Episode Num	13
knew	1	Episode Num	10
knew	2	Episode Num	19
knew	3	Episode Num	33
knew	2	Episode Num	27
knew	2	Episode Num	17
knew	1	Episode Num	12
knew	1	Episode Num	21
knew	1	Episode Num	28
you'd	2	Episode Num	20
you'd	1	Episode Num	16
you'd	2	Episode Num	32
you'd	1	Episode Num	18
you'd	2	Episode Num	05
you'd	1	Episode Num	37
you'd	2	Episode Num	07
you'd	1	Episode Num	31
you'd	3	Episode Num	01
you'd	1	Episode Num	15
you'd	1	Episode Num	13
you'd	1	Episode Num	19
you'd	1	Episode Num	27
you'd	1	Episode Num	03
you'd	1	Episode Num	12
you'd	2	Episode Num	21
you'd	1	Episode Num	02
you'd	1	Episode Num	06
you'd	1	Episode Num	28
you'd	2	Episode Num	36
become	2	Episode Num	20
become	1	Episode Num	29
become	1	Episode Num	30
become	1	Episode Num	39
become	1	Episode Num	18
become	2	Episode Num	35
become	1	Episode Num	05
become	1	Episode Num	26
become	3	Episode Num	28
become	1	Episode Num	22
become	1	Episode Num	21
become	1	Episode Num	01
become	3	Episode Num	04
become	2	Episode Num	25
become	4	Episode Num	13
become	4	Episode Num	10
become	1	Episode Num	27
become	2	Episode Num	17
become	3	Episode Num	03
become	4	Episode Num	21
become	3	Episode Num	02
become	6	Episode Num	28
become	1	Episode Num	36
become	3	Episode Num	13
someday	1	Episode Num	20
someday	1	Episode Num	38
you'll	6	Episode Num	20
you'll	1	Episode Num	29
you'll	4	Episode Num	08
you'll	2	Episode Num	39
you'll	1	Episode Num	38
you'll	1	Episode Num	35
you'll	2	Episode Num	05
you'll	1	Episode Num	26
you'll	5	Episode Num	09
you'll	2	Episode Num	28
you'll	1	Episode Num	21
you'll	2	Episode Num	31
you'll	3	Episode Num	01
you'll	1	Episode Num	04
you'll	2	Episode Num	15
you'll	2	Episode Num	13
you'll	1	Episode Num	10
you'll	2	Episode Num	19
you'll	1	Episode Num	24
you'll	1	Episode Num	27
you'll	5	Episode Num	03
you'll	2	Episode Num	12
you'll	3	Episode Num	21
you'll	1	Episode Num	02
you'll	2	Episode Num	11
you'll	2	Episode Num	28
you'll	1	Episode Num	36
able	6	Episode Num	20
able	4	Episode Num	29
able	4	Episode Num	08
able	7	Episode Num	16
able	6	Episode Num	30
able	7	Episode Num	32
able	3	Episode Num	39
able	4	Episode Num	18
able	4	Episode Num	38
able	5	Episode Num	35
able	3	Episode Num	05
able	2	Episode Num	26
able	7	Episode Num	34
able	6	Episode Num	37
able	3	Episode Num	07
able	4	Episode Num	09
able	3	Episode Num	14
able	5	Episode Num	28
able	4	Episode Num	22
able	8	Episode Num	21
able	6	Episode Num	31
able	3	Episode Num	01
able	12	Episode Num	04
able	7	Episode Num	25
able	4	Episode Num	15
able	9	Episode Num	13
able	4	Episode Num	10
able	4	Episode Num	19
able	4	Episode Num	24
able	4	Episode Num	33
able	9	Episode Num	27
able	6	Episode Num	17
able	7	Episode Num	03
able	3	Episode Num	12
able	4	Episode Num	21
able	5	Episode Num	02
able	7	Episode Num	11
able	8	Episode Num	23
able	2	Episode Num	06
able	7	Episode Num	28
able	9	Episode Num	36
able	4	Episode Num	13
complete	2	Episode Num	20
complete	1	Episode Num	30
complete	1	Episode Num	32
complete	1	Episode Num	18
complete	2	Episode Num	35
complete	1	Episode Num	34
complete	4	Episode Num	37
complete	1	Episode Num	14
complete	2	Episode Num	28
complete	1	Episode Num	22
complete	1	Episode Num	21
complete	1	Episode Num	04
complete	2	Episode Num	25
complete	2	Episode Num	15
complete	2	Episode Num	19
complete	1	Episode Num	24
complete	2	Episode Num	33
complete	4	Episode Num	27
complete	2	Episode Num	17
complete	1	Episode Num	03
complete	1	Episode Num	21
complete	2	Episode Num	11
complete	1	Episode Num	23
complete	2	Episode Num	28
complete	1	Episode Num	36
complete	1	Episode Num	13
can	8	Episode Num	20
can	13	Episode Num	29
can	18	Episode Num	08
can	16	Episode Num	16
can	22	Episode Num	30
can	24	Episode Num	32
can	20	Episode Num	39
can	21	Episode Num	18
can	19	Episode Num	38
can	16	Episode Num	35
can	23	Episode Num	05
can	11	Episode Num	26
can	16	Episode Num	34
can	18	Episode Num	37
can	8	Episode Num	07
can	12	Episode Num	09
can	9	Episode Num	14
can	11	Episode Num	28
can	16	Episode Num	22
can	8	Episode Num	21
can	18	Episode Num	31
can	19	Episode Num	01
can	16	Episode Num	04
can	18	Episode Num	25
can	12	Episode Num	15
can	12	Episode Num	13
can	12	Episode Num	10
can	34	Episode Num	19
can	15	Episode Num	24
can	20	Episode Num	33
can	26	Episode Num	27
can	11	Episode Num	17
can	14	Episode Num	03
can	9	Episode Num	12
can	25	Episode Num	21
can	14	Episode Num	02
can	15	Episode Num	11
can	31	Episode Num	23
can	9	Episode Num	06
can	14	Episode Num	28
can	24	Episode Num	36
can	22	Episode Num	13
aim	1	Episode Num	20
aim	10	Episode Num	08
aim	1	Episode Num	16
aim	1	Episode Num	05
aim	1	Episode Num	34
aim	1	Episode Num	37
aim	1	Episode Num	07
aim	1	Episode Num	21
aim	1	Episode Num	31
aim	2	Episode Num	15
aim	8	Episode Num	13
aim	1	Episode Num	10
aim	2	Episode Num	19
aim	1	Episode Num	24
aim	1	Episode Num	06
higher	1	Episode Num	20
higher	1	Episode Num	28
higher	1	Episode Num	04
higher	1	Episode Num	13
higher	1	Episode Num	24
position	1	Episode Num	20
position	1	Episode Num	35
position	1	Episode Num	05
position	1	Episode Num	09
position	1	Episode Num	31
position	2	Episode Num	01
position	1	Episode Num	13
position	2	Episode Num	19
position	1	Episode Num	27
position	1	Episode Num	17
organization	7	Episode Num	20
organization	1	Episode Num	30
organization	2	Episode Num	32
organization	1	Episode Num	39
organization	1	Episode Num	38
organization	5	Episode Num	05
organization	1	Episode Num	37
organization	7	Episode Num	09
organization	1	Episode Num	28
organization	1	Episode Num	22
organization	6	Episode Num	21
organization	5	Episode Num	04
organization	1	Episode Num	25
organization	5	Episode Num	13
organization	2	Episode Num	10
organization	1	Episode Num	19
organization	1	Episode Num	24
organization	3	Episode Num	33
organization	1	Episode Num	27
organization	11	Episode Num	03
organization	3	Episode Num	21
organization	3	Episode Num	02
organization	1	Episode Num	11
organization	1	Episode Num	23
organization	2	Episode Num	28
organization	1	Episode Num	36
you're	8	Episode Num	20
you're	10	Episode Num	29
you're	12	Episode Num	08
you're	11	Episode Num	16
you're	7	Episode Num	30
you're	19	Episode Num	32
you're	14	Episode Num	39
you're	11	Episode Num	18
you're	6	Episode Num	38
you're	6	Episode Num	35
you're	16	Episode Num	05
you're	18	Episode Num	26
you're	13	Episode Num	34
you're	6	Episode Num	37
you're	7	Episode Num	07
you're	11	Episode Num	09
you're	11	Episode Num	14
you're	15	Episode Num	28
you're	5	Episode Num	22
you're	9	Episode Num	21
you're	5	Episode Num	31
you're	16	Episode Num	01
you're	1	Episode Num	04
you're	2	Episode Num	25
you're	17	Episode Num	15
you're	13	Episode Num	13
you're	11	Episode Num	10
you're	8	Episode Num	19
you're	6	Episode Num	24
you're	15	Episode Num	33
you're	15	Episode Num	27
you're	10	Episode Num	17
you're	12	Episode Num	03
you're	7	Episode Num	12
you're	11	Episode Num	21
you're	15	Episode Num	02
you're	13	Episode Num	11
you're	7	Episode Num	23
you're	12	Episode Num	06
you're	15	Episode Num	28
you're	9	Episode Num	36
you're	10	Episode Num	13
somehow	1	Episode Num	20
somehow	1	Episode Num	08
somehow	2	Episode Num	30
somehow	1	Episode Num	32
somehow	1	Episode Num	18
somehow	1	Episode Num	38
somehow	1	Episode Num	35
somehow	1	Episode Num	26
somehow	2	Episode Num	34
somehow	1	Episode Num	37
somehow	1	Episode Num	07
somehow	4	Episode Num	14
somehow	1	Episode Num	28
somehow	1	Episode Num	22
somehow	2	Episode Num	01
somehow	1	Episode Num	25
somehow	1	Episode Num	10
somehow	1	Episode Num	33
somehow	2	Episode Num	27
somehow	1	Episode Num	17
somehow	1	Episode Num	11
somehow	1	Episode Num	23
boss's	1	Episode Num	20
boss's	1	Episode Num	29
boss's	1	Episode Num	16
boss's	1	Episode Num	32
boss's	1	Episode Num	35
boss's	3	Episode Num	34
boss's	11	Episode Num	09
boss's	3	Episode Num	14
boss's	3	Episode Num	28
boss's	4	Episode Num	22
boss's	3	Episode Num	21
boss's	2	Episode Num	25
boss's	2	Episode Num	15
boss's	5	Episode Num	13
boss's	4	Episode Num	10
boss's	3	Episode Num	24
boss's	1	Episode Num	33
boss's	2	Episode Num	27
boss's	1	Episode Num	17
boss's	2	Episode Num	03
boss's	1	Episode Num	12
boss's	3	Episode Num	21
boss's	6	Episode Num	11
boss's	2	Episode Num	23
boss's	7	Episode Num	28
boss's	1	Episode Num	13
body	7	Episode Num	20
body	1	Episode Num	29
body	4	Episode Num	08
body	5	Episode Num	16
body	1	Episode Num	30
body	8	Episode Num	32
body	1	Episode Num	39
body	2	Episode Num	18
body	6	Episode Num	38
body	16	Episode Num	35
body	5	Episode Num	34
body	4	Episode Num	37
body	1	Episode Num	09
body	3	Episode Num	14
body	2	Episode Num	28
body	4	Episode Num	21
body	6	Episode Num	31
body	2	Episode Num	01
body	4	Episode Num	15
body	4	Episode Num	13
body	2	Episode Num	10
body	3	Episode Num	19
body	1	Episode Num	24
body	1	Episode Num	33
body	15	Episode Num	27
body	3	Episode Num	17
body	5	Episode Num	03
body	1	Episode Num	12
body	3	Episode Num	21
body	4	Episode Num	02
body	1	Episode Num	11
body	3	Episode Num	23
body	2	Episode Num	06
body	1	Episode Num	28
body	15	Episode Num	36
body	5	Episode Num	13
track	3	Episode Num	20
track	7	Episode Num	29
track	4	Episode Num	16
track	3	Episode Num	30
track	3	Episode Num	18
track	1	Episode Num	05
track	1	Episode Num	09
track	1	Episode Num	14
track	2	Episode Num	28
track	4	Episode Num	25
track	3	Episode Num	24
track	2	Episode Num	33
track	1	Episode Num	27
track	3	Episode Num	17
track	1	Episode Num	12
track	2	Episode Num	11
track	14	Episode Num	23
need	3	Episode Num	20
need	4	Episode Num	08
need	1	Episode Num	16
need	3	Episode Num	30
need	3	Episode Num	32
need	3	Episode Num	39
need	3	Episode Num	18
need	4	Episode Num	38
need	5	Episode Num	35
need	2	Episode Num	05
need	6	Episode Num	26
need	3	Episode Num	34
need	5	Episode Num	37
need	2	Episode Num	07
need	5	Episode Num	09
need	4	Episode Num	14
need	7	Episode Num	28
need	5	Episode Num	22
need	4	Episode Num	21
need	7	Episode Num	31
need	6	Episode Num	01
need	1	Episode Num	04
need	5	Episode Num	25
need	12	Episode Num	15
need	1	Episode Num	13
need	7	Episode Num	10
need	8	Episode Num	19
need	6	Episode Num	24
need	1	Episode Num	33
need	7	Episode Num	27
need	6	Episode Num	17
need	3	Episode Num	03
need	5	Episode Num	12
need	12	Episode Num	21
need	1	Episode Num	02
need	7	Episode Num	11
need	1	Episode Num	23
need	2	Episode Num	06
need	5	Episode Num	28
need	5	Episode Num	36
need	7	Episode Num	13
door	2	Episode Num	20
door	2	Episode Num	07
door	3	Episode Num	14
door	5	Episode Num	25
door	2	Episode Num	10
door	3	Episode Num	24
door	2	Episode Num	17
door	2	Episode Num	03
door	1	Episode Num	12
open	2	Episode Num	20
open	3	Episode Num	29
open	3	Episode Num	08
open	1	Episode Num	16
open	2	Episode Num	18
open	1	Episode Num	05
open	1	Episode Num	26
open	1	Episode Num	34
open	2	Episode Num	37
open	1	Episode Num	14
open	2	Episode Num	21
open	2	Episode Num	25
open	3	Episode Num	13
open	2	Episode Num	10
open	4	Episode Num	19
open	3	Episode Num	24
open	4	Episode Num	27
open	4	Episode Num	03
open	1	Episode Num	12
open	1	Episode Num	11
open	1	Episode Num	23
open	3	Episode Num	06
open	4	Episode Num	28
open	1	Episode Num	36
open	2	Episode Num	13
buttons	1	Episode Num	20
first	3	Episode Num	20
first	3	Episode Num	29
first	2	Episode Num	08
first	1	Episode Num	16
first	1	Episode Num	30
first	1	Episode Num	39
first	3	Episode Num	18
first	3	Episode Num	35
first	2	Episode Num	05
first	1	Episode Num	26
first	1	Episode Num	34
first	3	Episode Num	07
first	2	Episode Num	09
first	2	Episode Num	28
first	2	Episode Num	22
first	2	Episode Num	31
first	4	Episode Num	01
first	2	Episode Num	04
first	1	Episode Num	25
first	1	Episode Num	15
first	1	Episode Num	13
first	1	Episode Num	10
first	2	Episode Num	19
first	2	Episode Num	33
first	2	Episode Num	27
first	2	Episode Num	17
first	3	Episode Num	03
first	2	Episode Num	12
first	5	Episode Num	21
first	2	Episode Num	02
first	2	Episode Num	11
first	1	Episode Num	23
first	1	Episode Num	28
first	3	Episode Num	36
first	4	Episode Num	13
floor	2	Episode Num	20
floor	1	Episode Num	39
floor	3	Episode Num	18
floor	1	Episode Num	38
floor	1	Episode Num	26
floor	1	Episode Num	34
floor	1	Episode Num	14
floor	2	Episode Num	21
floor	1	Episode Num	06
roof	1	Episode Num	20
roof	5	Episode Num	18
roof	4	Episode Num	38
directly	1	Episode Num	20
directly	1	Episode Num	09
directly	1	Episode Num	15
directly	1	Episode Num	27
directly	1	Episode Num	03
either	3	Episode Num	20
either	1	Episode Num	08
either	4	Episode Num	32
either	1	Episode Num	39
either	2	Episode Num	18
either	2	Episode Num	35
either	1	Episode Num	05
either	2	Episode Num	34
either	1	Episode Num	37
either	2	Episode Num	07
either	2	Episode Num	14
either	2	Episode Num	28
either	2	Episode Num	22
either	2	Episode Num	31
either	2	Episode Num	04
either	2	Episode Num	15
either	2	Episode Num	10
either	1	Episode Num	33
either	1	Episode Num	03
either	1	Episode Num	12
either	1	Episode Num	21
either	1	Episode Num	02
either	1	Episode Num	06
either	1	Episode Num	36
floors	1	Episode Num	20
stop	1	Episode Num	20
stop	2	Episode Num	29
stop	15	Episode Num	08
stop	14	Episode Num	16
stop	2	Episode Num	30
stop	5	Episode Num	32
stop	4	Episode Num	39
stop	5	Episode Num	18
stop	4	Episode Num	38
stop	4	Episode Num	35
stop	3	Episode Num	05
stop	2	Episode Num	26
stop	3	Episode Num	34
stop	1	Episode Num	37
stop	2	Episode Num	07
stop	4	Episode Num	09
stop	6	Episode Num	14
stop	6	Episode Num	28
stop	3	Episode Num	22
stop	4	Episode Num	21
stop	3	Episode Num	01
stop	2	Episode Num	04
stop	2	Episode Num	25
stop	5	Episode Num	15
stop	1	Episode Num	13
stop	3	Episode Num	10
stop	5	Episode Num	19
stop	1	Episode Num	24
stop	3	Episode Num	33
stop	1	Episode Num	17
stop	4	Episode Num	12
stop	7	Episode Num	02
stop	2	Episode Num	11
stop	5	Episode Num	23
stop	2	Episode Num	06
stop	2	Episode Num	28
stop	7	Episode Num	36
stop	5	Episode Num	13
happen	4	Episode Num	20
happen	2	Episode Num	29
happen	1	Episode Num	08
happen	2	Episode Num	16
happen	2	Episode Num	30
happen	6	Episode Num	32
happen	4	Episode Num	39
happen	1	Episode Num	18
happen	5	Episode Num	38
happen	3	Episode Num	35
happen	3	Episode Num	05
happen	3	Episode Num	26
happen	12	Episode Num	34
happen	4	Episode Num	37
happen	6	Episode Num	07
happen	3	Episode Num	09
happen	1	Episode Num	14
happen	6	Episode Num	28
happen	4	Episode Num	22
happen	1	Episode Num	21
happen	1	Episode Num	31
happen	2	Episode Num	01
happen	4	Episode Num	04
happen	2	Episode Num	25
happen	2	Episode Num	15
happen	3	Episode Num	13
happen	3	Episode Num	10
happen	2	Episode Num	19
happen	5	Episode Num	33
happen	7	Episode Num	27
happen	5	Episode Num	17
happen	2	Episode Num	03
happen	2	Episode Num	12
happen	3	Episode Num	21
happen	2	Episode Num	02
happen	2	Episode Num	23
happen	2	Episode Num	28
happen	4	Episode Num	36
suddenly	1	Episode Num	20
suddenly	2	Episode Num	29
suddenly	1	Episode Num	16
suddenly	1	Episode Num	32
suddenly	1	Episode Num	39
suddenly	1	Episode Num	26
suddenly	1	Episode Num	34
suddenly	2	Episode Num	09
suddenly	1	Episode Num	14
suddenly	1	Episode Num	21
suddenly	1	Episode Num	01
suddenly	1	Episode Num	15
suddenly	1	Episode Num	19
suddenly	3	Episode Num	33
suddenly	2	Episode Num	12
suddenly	1	Episode Num	02
suddenly	1	Episode Num	23
suddenly	3	Episode Num	28
suddenly	2	Episode Num	36
got	7	Episode Num	20
got	6	Episode Num	29
got	4	Episode Num	08
got	5	Episode Num	16
got	6	Episode Num	30
got	3	Episode Num	32
got	5	Episode Num	39
got	10	Episode Num	18
got	5	Episode Num	38
got	2	Episode Num	35
got	4	Episode Num	05
got	3	Episode Num	26
got	6	Episode Num	34
got	7	Episode Num	07
got	3	Episode Num	09
got	4	Episode Num	14
got	3	Episode Num	28
got	4	Episode Num	22
got	3	Episode Num	31
got	3	Episode Num	01
got	5	Episode Num	04
got	2	Episode Num	25
got	3	Episode Num	15
got	5	Episode Num	13
got	3	Episode Num	10
got	3	Episode Num	19
got	3	Episode Num	24
got	1	Episode Num	33
got	2	Episode Num	27
got	4	Episode Num	17
got	1	Episode Num	03
got	2	Episode Num	12
got	1	Episode Num	21
got	5	Episode Num	02
got	8	Episode Num	11
got	10	Episode Num	23
got	5	Episode Num	06
got	2	Episode Num	28
got	6	Episode Num	36
got	4	Episode Num	13
kidnapped	1	Episode Num	20
kidnapped	1	Episode Num	09
kidnapped	1	Episode Num	28
by	6	Episode Num	20
by	4	Episode Num	29
by	4	Episode Num	08
by	3	Episode Num	16
by	5	Episode Num	30
by	3	Episode Num	32
by	1	Episode Num	39
by	6	Episode Num	18
by	4	Episode Num	38
by	5	Episode Num	35
by	3	Episode Num	05
by	9	Episode Num	26
by	6	Episode Num	34
by	5	Episode Num	37
by	2	Episode Num	07
by	4	Episode Num	09
by	6	Episode Num	14
by	7	Episode Num	28
by	5	Episode Num	22
by	7	Episode Num	21
by	5	Episode Num	31
by	3	Episode Num	01
by	5	Episode Num	04
by	2	Episode Num	25
by	2	Episode Num	15
by	12	Episode Num	13
by	5	Episode Num	10
by	3	Episode Num	19
by	3	Episode Num	24
by	7	Episode Num	33
by	3	Episode Num	27
by	13	Episode Num	17
by	3	Episode Num	03
by	9	Episode Num	12
by	8	Episode Num	21
by	3	Episode Num	02
by	4	Episode Num	11
by	3	Episode Num	23
by	2	Episode Num	06
by	7	Episode Num	28
by	3	Episode Num	36
by	3	Episode Num	13
gangsters	1	Episode Num	20
gangsters	1	Episode Num	16
gangsters	1	Episode Num	02
gangsters	1	Episode Num	28
guys	2	Episode Num	20
guys	1	Episode Num	29
guys	1	Episode Num	08
guys	3	Episode Num	16
guys	2	Episode Num	30
guys	2	Episode Num	18
guys	2	Episode Num	38
guys	2	Episode Num	35
guys	8	Episode Num	05
guys	1	Episode Num	26
guys	1	Episode Num	34
guys	6	Episode Num	07
guys	6	Episode Num	09
guys	3	Episode Num	14
guys	4	Episode Num	22
guys	2	Episode Num	21
guys	1	Episode Num	31
guys	2	Episode Num	01
guys	1	Episode Num	04
guys	1	Episode Num	15
guys	1	Episode Num	13
guys	2	Episode Num	10
guys	1	Episode Num	19
guys	3	Episode Num	17
guys	1	Episode Num	03
guys	1	Episode Num	12
guys	2	Episode Num	21
guys	2	Episode Num	02
guys	2	Episode Num	11
guys	2	Episode Num	23
guys	1	Episode Num	28
threatened	1	Episode Num	20
threatened	1	Episode Num	12
threatened	1	Episode Num	28
taken	1	Episode Num	20
taken	1	Episode Num	08
taken	2	Episode Num	32
taken	1	Episode Num	39
taken	1	Episode Num	26
taken	1	Episode Num	34
taken	1	Episode Num	07
taken	1	Episode Num	28
taken	1	Episode Num	31
taken	2	Episode Num	01
taken	1	Episode Num	04
taken	1	Episode Num	17
taken	1	Episode Num	12
taken	1	Episode Num	21
taken	1	Episode Num	23
taken	1	Episode Num	28
father	18	Episode Num	20
father	2	Episode Num	29
father	1	Episode Num	16
father	1	Episode Num	39
father	1	Episode Num	18
father	1	Episode Num	26
father	1	Episode Num	09
father	1	Episode Num	14
father	3	Episode Num	22
father	2	Episode Num	21
father	5	Episode Num	01
father	1	Episode Num	25
father	4	Episode Num	24
father	1	Episode Num	17
father	2	Episode Num	02
father	2	Episode Num	11
father	1	Episode Num	06
father	7	Episode Num	28
love	3	Episode Num	20
love	1	Episode Num	29
love	1	Episode Num	08
love	1	Episode Num	26
love	1	Episode Num	14
love	1	Episode Num	31
love	1	Episode Num	15
love	1	Episode Num	10
love	1	Episode Num	28
am	13	Episode Num	20
am	21	Episode Num	29
am	21	Episode Num	08
am	15	Episode Num	16
am	5	Episode Num	30
am	10	Episode Num	32
am	14	Episode Num	39
am	13	Episode Num	18
am	21	Episode Num	38
am	5	Episode Num	35
am	18	Episode Num	05
am	10	Episode Num	26
am	8	Episode Num	34
am	12	Episode Num	37
am	16	Episode Num	07
am	28	Episode Num	09
am	14	Episode Num	14
am	20	Episode Num	28
am	11	Episode Num	22
am	25	Episode Num	21
am	5	Episode Num	31
am	21	Episode Num	01
am	9	Episode Num	04
am	18	Episode Num	25
am	12	Episode Num	15
am	22	Episode Num	13
am	31	Episode Num	10
am	10	Episode Num	19
am	9	Episode Num	24
am	12	Episode Num	33
am	21	Episode Num	27
am	20	Episode Num	17
am	32	Episode Num	03
am	18	Episode Num	12
am	8	Episode Num	21
am	12	Episode Num	02
am	24	Episode Num	11
am	5	Episode Num	23
am	9	Episode Num	06
am	25	Episode Num	28
am	4	Episode Num	36
am	20	Episode Num	13
concerned	1	Episode Num	20
concerned	1	Episode Num	15
concerned	1	Episode Num	12
concerned	1	Episode Num	28
safety	2	Episode Num	20
safety	1	Episode Num	39
safety	1	Episode Num	05
safety	1	Episode Num	15
safety	2	Episode Num	24
safety	3	Episode Num	28
different	1	Episode Num	20
different	1	Episode Num	30
different	2	Episode Num	32
different	1	Episode Num	18
different	1	Episode Num	26
different	7	Episode Num	14
different	1	Episode Num	01
different	1	Episode Num	15
different	1	Episode Num	24
different	1	Episode Num	27
different	1	Episode Num	17
different	1	Episode Num	03
different	2	Episode Num	21
different	2	Episode Num	02
different	1	Episode Num	11
different	1	Episode Num	28
different	2	Episode Num	36
different	1	Episode Num	13
name	2	Episode Num	20
name	3	Episode Num	29
name	1	Episode Num	08
name	1	Episode Num	16
name	1	Episode Num	39
name	1	Episode Num	38
name	1	Episode Num	35
name	1	Episode Num	05
name	3	Episode Num	26
name	1	Episode Num	34
name	6	Episode Num	07
name	8	Episode Num	09
name	1	Episode Num	28
name	1	Episode Num	22
name	1	Episode Num	31
name	6	Episode Num	01
name	4	Episode Num	25
name	1	Episode Num	10
name	2	Episode Num	24
name	4	Episode Num	33
name	2	Episode Num	17
name	5	Episode Num	03
name	1	Episode Num	12
name	3	Episode Num	21
name	1	Episode Num	02
name	5	Episode Num	28
name	2	Episode Num	13
plastic	1	Episode Num	20
plastic	1	Episode Num	35
plastic	2	Episode Num	07
surgery	2	Episode Num	20
surgery	1	Episode Num	29
new	3	Episode Num	20
new	2	Episode Num	29
new	4	Episode Num	08
new	1	Episode Num	16
new	2	Episode Num	32
new	1	Episode Num	39
new	6	Episode Num	18
new	1	Episode Num	38
new	4	Episode Num	05
new	2	Episode Num	26
new	1	Episode Num	34
new	1	Episode Num	37
new	1	Episode Num	07
new	7	Episode Num	09
new	2	Episode Num	14
new	1	Episode Num	28
new	2	Episode Num	22
new	3	Episode Num	21
new	3	Episode Num	31
new	4	Episode Num	01
new	3	Episode Num	25
new	2	Episode Num	15
new	2	Episode Num	13
new	2	Episode Num	10
new	4	Episode Num	19
new	2	Episode Num	24
new	4	Episode Num	33
new	2	Episode Num	27
new	12	Episode Num	17
new	1	Episode Num	03
new	3	Episode Num	12
new	2	Episode Num	21
new	1	Episode Num	06
new	2	Episode Num	28
new	1	Episode Num	36
new	2	Episode Num	13
identification	1	Episode Num	20
family	5	Episode Num	20
family	1	Episode Num	29
family	3	Episode Num	38
family	2	Episode Num	09
family	2	Episode Num	21
family	3	Episode Num	01
family	1	Episode Num	17
family	1	Episode Num	12
family	1	Episode Num	28
registry	1	Episode Num	20
somewhere	1	Episode Num	20
somewhere	1	Episode Num	29
somewhere	2	Episode Num	16
somewhere	1	Episode Num	18
somewhere	5	Episode Num	05
somewhere	1	Episode Num	26
somewhere	2	Episode Num	34
somewhere	2	Episode Num	07
somewhere	4	Episode Num	09
somewhere	5	Episode Num	14
somewhere	2	Episode Num	28
somewhere	3	Episode Num	22
somewhere	1	Episode Num	21
somewhere	2	Episode Num	01
somewhere	1	Episode Num	04
somewhere	1	Episode Num	13
somewhere	4	Episode Num	10
somewhere	2	Episode Num	19
somewhere	1	Episode Num	24
somewhere	3	Episode Num	33
somewhere	1	Episode Num	17
somewhere	2	Episode Num	12
somewhere	2	Episode Num	21
somewhere	2	Episode Num	11
somewhere	2	Episode Num	23
somewhere	1	Episode Num	06
somewhere	1	Episode Num	28
somewhere	1	Episode Num	36
won't	2	Episode Num	20
won't	1	Episode Num	29
won't	4	Episode Num	08
won't	5	Episode Num	16
won't	7	Episode Num	30
won't	4	Episode Num	32
won't	2	Episode Num	39
won't	4	Episode Num	18
won't	4	Episode Num	38
won't	3	Episode Num	35
won't	1	Episode Num	05
won't	2	Episode Num	26
won't	2	Episode Num	34
won't	2	Episode Num	37
won't	4	Episode Num	07
won't	1	Episode Num	09
won't	3	Episode Num	14
won't	2	Episode Num	28
won't	1	Episode Num	22
won't	3	Episode Num	31
won't	3	Episode Num	01
won't	3	Episode Num	04
won't	4	Episode Num	15
won't	2	Episode Num	13
won't	5	Episode Num	10
won't	4	Episode Num	19
won't	2	Episode Num	24
won't	6	Episode Num	33
won't	2	Episode Num	27
won't	2	Episode Num	03
won't	2	Episode Num	12
won't	3	Episode Num	21
won't	4	Episode Num	02
won't	3	Episode Num	11
won't	4	Episode Num	23
won't	2	Episode Num	06
won't	1	Episode Num	28
won't	1	Episode Num	36
won't	4	Episode Num	13
some	7	Episode Num	20
some	14	Episode Num	29
some	15	Episode Num	08
some	14	Episode Num	16
some	9	Episode Num	30
some	13	Episode Num	32
some	11	Episode Num	39
some	11	Episode Num	18
some	14	Episode Num	38
some	11	Episode Num	35
some	32	Episode Num	05
some	15	Episode Num	26
some	18	Episode Num	34
some	6	Episode Num	37
some	15	Episode Num	07
some	20	Episode Num	09
some	32	Episode Num	14
some	19	Episode Num	28
some	17	Episode Num	22
some	12	Episode Num	21
some	8	Episode Num	31
some	18	Episode Num	01
some	13	Episode Num	04
some	6	Episode Num	25
some	12	Episode Num	15
some	11	Episode Num	13
some	11	Episode Num	10
some	18	Episode Num	19
some	22	Episode Num	24
some	22	Episode Num	33
some	7	Episode Num	27
some	21	Episode Num	17
some	14	Episode Num	03
some	20	Episode Num	12
some	10	Episode Num	21
some	9	Episode Num	02
some	4	Episode Num	11
some	14	Episode Num	23
some	7	Episode Num	06
some	9	Episode Num	28
some	11	Episode Num	36
some	12	Episode Num	13
far-off	1	Episode Num	20
country	1	Episode Num	20
country	2	Episode Num	38
country	1	Episode Num	07
happily	1	Episode Num	20
happily	1	Episode Num	13
power	3	Episode Num	20
power	2	Episode Num	29
power	1	Episode Num	08
power	1	Episode Num	16
power	2	Episode Num	30
power	2	Episode Num	32
power	2	Episode Num	39
power	1	Episode Num	18
power	5	Episode Num	35
power	1	Episode Num	05
power	2	Episode Num	26
power	8	Episode Num	34
power	7	Episode Num	37
power	1	Episode Num	07
power	1	Episode Num	14
power	1	Episode Num	28
power	2	Episode Num	21
power	5	Episode Num	31
power	4	Episode Num	01
power	3	Episode Num	04
power	2	Episode Num	25
power	3	Episode Num	15
power	6	Episode Num	13
power	3	Episode Num	10
power	1	Episode Num	19
power	4	Episode Num	24
power	5	Episode Num	33
power	3	Episode Num	27
power	1	Episode Num	17
power	1	Episode Num	21
power	8	Episode Num	02
power	3	Episode Num	11
power	1	Episode Num	06
power	4	Episode Num	28
power	3	Episode Num	36
power	2	Episode Num	13
hand	2	Episode Num	20
hand	5	Episode Num	29
hand	4	Episode Num	08
hand	8	Episode Num	16
hand	2	Episode Num	30
hand	4	Episode Num	32
hand	11	Episode Num	18
hand	3	Episode Num	38
hand	4	Episode Num	35
hand	1	Episode Num	05
hand	4	Episode Num	26
hand	5	Episode Num	34
hand	4	Episode Num	37
hand	5	Episode Num	09
hand	1	Episode Num	14
hand	1	Episode Num	28
hand	1	Episode Num	22
hand	2	Episode Num	21
hand	2	Episode Num	31
hand	1	Episode Num	01
hand	6	Episode Num	04
hand	9	Episode Num	25
hand	3	Episode Num	15
hand	4	Episode Num	13
hand	1	Episode Num	19
hand	4	Episode Num	24
hand	4	Episode Num	33
hand	2	Episode Num	27
hand	5	Episode Num	17
hand	9	Episode Num	03
hand	1	Episode Num	12
hand	1	Episode Num	21
hand	1	Episode Num	02
hand	1	Episode Num	11
hand	1	Episode Num	23
hand	1	Episode Num	06
hand	2	Episode Num	28
hand	1	Episode Num	36
hand	12	Episode Num	13
i-i'm	2	Episode Num	20
i-i'm	2	Episode Num	38
i-i'm	1	Episode Num	26
i-i'm	1	Episode Num	34
i-i'm	1	Episode Num	22
i-i'm	1	Episode Num	25
i-i'm	1	Episode Num	27
i-i'm	1	Episode Num	28
i-i'm	1	Episode Num	36
nervous	1	Episode Num	20
nervous	1	Episode Num	11
nervous	1	Episode Num	28
wonder	1	Episode Num	20
wonder	1	Episode Num	38
wonder	2	Episode Num	14
wonder	1	Episode Num	22
wonder	1	Episode Num	21
wonder	1	Episode Num	04
wonder	2	Episode Num	15
wonder	1	Episode Num	13
wonder	2	Episode Num	10
wonder	1	Episode Num	24
wonder	2	Episode Num	33
wonder	2	Episode Num	27
wonder	2	Episode Num	17
wonder	1	Episode Num	03
wonder	1	Episode Num	02
wonder	1	Episode Num	06
wonder	2	Episode Num	28
worries	1	Episode Num	20
worries	1	Episode Num	21
worries	1	Episode Num	28
about	8	Episode Num	20
about	12	Episode Num	29
about	7	Episode Num	08
about	2	Episode Num	16
about	7	Episode Num	30
about	5	Episode Num	32
about	7	Episode Num	39
about	7	Episode Num	18
about	14	Episode Num	38
about	3	Episode Num	35
about	11	Episode Num	05
about	12	Episode Num	26
about	5	Episode Num	34
about	6	Episode Num	37
about	13	Episode Num	07
about	15	Episode Num	09
about	11	Episode Num	14
about	7	Episode Num	28
about	11	Episode Num	22
about	8	Episode Num	21
about	1	Episode Num	31
about	21	Episode Num	01
about	10	Episode Num	04
about	4	Episode Num	25
about	8	Episode Num	15
about	10	Episode Num	13
about	6	Episode Num	10
about	5	Episode Num	19
about	9	Episode Num	24
about	6	Episode Num	33
about	5	Episode Num	27
about	11	Episode Num	17
about	5	Episode Num	03
about	13	Episode Num	12
about	3	Episode Num	21
about	10	Episode Num	02
about	13	Episode Num	11
about	6	Episode Num	23
about	2	Episode Num	06
about	3	Episode Num	28
about	4	Episode Num	13
strange	1	Episode Num	20
strange	1	Episode Num	29
strange	2	Episode Num	30
strange	4	Episode Num	38
strange	1	Episode Num	05
strange	4	Episode Num	26
strange	3	Episode Num	34
strange	1	Episode Num	14
strange	2	Episode Num	22
strange	1	Episode Num	21
strange	2	Episode Num	25
strange	1	Episode Num	15
strange	1	Episode Num	10
strange	1	Episode Num	33
strange	1	Episode Num	27
strange	1	Episode Num	17
strange	1	Episode Num	03
strange	1	Episode Num	21
strange	1	Episode Num	02
strange	1	Episode Num	11
strange	1	Episode Num	06
worry	2	Episode Num	20
worry	1	Episode Num	29
worry	1	Episode Num	08
worry	1	Episode Num	38
worry	1	Episode Num	26
worry	2	Episode Num	37
worry	1	Episode Num	07
worry	2	Episode Num	09
worry	1	Episode Num	14
worry	1	Episode Num	21
worry	1	Episode Num	31
worry	2	Episode Num	01
worry	2	Episode Num	15
worry	2	Episode Num	10
worry	1	Episode Num	19
worry	1	Episode Num	33
worry	2	Episode Num	02
worry	1	Episode Num	13
tri	15	Episode Num	20
tri	6	Episode Num	29
tri	3	Episode Num	08
tri	7	Episode Num	16
tri	2	Episode Num	30
tri	2	Episode Num	32
tri	7	Episode Num	39
tri	11	Episode Num	18
tri	1	Episode Num	38
tri	11	Episode Num	35
tri	3	Episode Num	26
tri	11	Episode Num	34
tri	8	Episode Num	37
tri	12	Episode Num	09
tri	3	Episode Num	14
tri	5	Episode Num	28
tri	11	Episode Num	22
tri	8	Episode Num	21
tri	1	Episode Num	31
tri	4	Episode Num	01
tri	17	Episode Num	25
tri	8	Episode Num	15
tri	5	Episode Num	13
tri	2	Episode Num	10
tri	6	Episode Num	19
tri	4	Episode Num	24
tri	11	Episode Num	33
tri	1	Episode Num	27
tri	13	Episode Num	17
tri	2	Episode Num	03
tri	2	Episode Num	12
tri	15	Episode Num	21
tri	3	Episode Num	02
tri	5	Episode Num	11
tri	2	Episode Num	23
tri	17	Episode Num	28
tri	10	Episode Num	36
tri	2	Episode Num	13
wh-what	3	Episode Num	20
wh-what	1	Episode Num	29
wh-what	4	Episode Num	08
wh-what	2	Episode Num	16
wh-what	2	Episode Num	30
wh-what	5	Episode Num	32
wh-what	5	Episode Num	39
wh-what	3	Episode Num	18
wh-what	1	Episode Num	26
wh-what	5	Episode Num	34
wh-what	2	Episode Num	37
wh-what	1	Episode Num	07
wh-what	1	Episode Num	09
wh-what	2	Episode Num	14
wh-what	2	Episode Num	28
wh-what	1	Episode Num	21
wh-what	2	Episode Num	31
wh-what	5	Episode Num	04
wh-what	3	Episode Num	25
wh-what	4	Episode Num	15
wh-what	3	Episode Num	13
wh-what	4	Episode Num	33
wh-what	2	Episode Num	27
wh-what	1	Episode Num	17
wh-what	1	Episode Num	12
wh-what	3	Episode Num	21
wh-what	1	Episode Num	02
wh-what	1	Episode Num	11
wh-what	6	Episode Num	23
wh-what	1	Episode Num	06
wh-what	3	Episode Num	28
wh-what	2	Episode Num	36
wh-what	2	Episode Num	13
team	1	Episode Num	20
team	1	Episode Num	29
team	1	Episode Num	30
team	3	Episode Num	18
team	8	Episode Num	05
team	1	Episode Num	34
team	1	Episode Num	07
team	3	Episode Num	09
team	1	Episode Num	14
team	5	Episode Num	28
team	10	Episode Num	21
team	1	Episode Num	04
team	2	Episode Num	15
team	3	Episode Num	13
team	5	Episode Num	10
team	3	Episode Num	12
team	2	Episode Num	11
team	1	Episode Num	06
team	1	Episode Num	36
knows	1	Episode Num	20
knows	2	Episode Num	29
knows	2	Episode Num	30
knows	3	Episode Num	32
knows	1	Episode Num	38
knows	4	Episode Num	05
knows	1	Episode Num	26
knows	2	Episode Num	07
knows	6	Episode Num	09
knows	1	Episode Num	14
knows	1	Episode Num	31
knows	1	Episode Num	01
knows	1	Episode Num	13
knows	1	Episode Num	03
knows	1	Episode Num	02
knows	2	Episode Num	11
knows	1	Episode Num	06
can't	5	Episode Num	20
can't	6	Episode Num	29
can't	5	Episode Num	08
can't	6	Episode Num	16
can't	8	Episode Num	30
can't	9	Episode Num	32
can't	6	Episode Num	39
can't	7	Episode Num	18
can't	9	Episode Num	38
can't	6	Episode Num	35
can't	7	Episode Num	05
can't	6	Episode Num	26
can't	8	Episode Num	34
can't	5	Episode Num	37
can't	2	Episode Num	07
can't	5	Episode Num	09
can't	8	Episode Num	14
can't	5	Episode Num	28
can't	7	Episode Num	22
can't	5	Episode Num	21
can't	10	Episode Num	31
can't	4	Episode Num	01
can't	5	Episode Num	04
can't	9	Episode Num	25
can't	7	Episode Num	15
can't	3	Episode Num	13
can't	8	Episode Num	10
can't	11	Episode Num	19
can't	5	Episode Num	24
can't	8	Episode Num	33
can't	9	Episode Num	27
can't	5	Episode Num	17
can't	6	Episode Num	03
can't	1	Episode Num	12
can't	12	Episode Num	21
can't	5	Episode Num	02
can't	5	Episode Num	11
can't	15	Episode Num	23
can't	5	Episode Num	06
can't	4	Episode Num	28
can't	6	Episode Num	36
can't	7	Episode Num	13
order	4	Episode Num	20
order	1	Episode Num	29
order	1	Episode Num	16
order	1	Episode Num	30
order	1	Episode Num	32
order	3	Episode Num	39
order	6	Episode Num	18
order	2	Episode Num	38
order	1	Episode Num	35
order	2	Episode Num	05
order	1	Episode Num	26
order	1	Episode Num	34
order	1	Episode Num	07
order	10	Episode Num	09
order	2	Episode Num	14
order	1	Episode Num	28
order	8	Episode Num	21
order	1	Episode Num	01
order	1	Episode Num	04
order	1	Episode Num	25
order	2	Episode Num	15
order	6	Episode Num	13
order	1	Episode Num	10
order	2	Episode Num	19
order	4	Episode Num	03
order	1	Episode Num	12
order	10	Episode Num	21
order	2	Episode Num	02
order	3	Episode Num	11
order	2	Episode Num	23
order	4	Episode Num	28
order	2	Episode Num	13
make	3	Episode Num	20
make	3	Episode Num	29
make	12	Episode Num	16
make	2	Episode Num	30
make	4	Episode Num	32
make	2	Episode Num	39
make	5	Episode Num	18
make	8	Episode Num	38
make	3	Episode Num	35
make	3	Episode Num	05
make	2	Episode Num	26
make	3	Episode Num	34
make	1	Episode Num	37
make	6	Episode Num	07
make	8	Episode Num	09
make	4	Episode Num	14
make	3	Episode Num	28
make	5	Episode Num	22
make	4	Episode Num	21
make	3	Episode Num	31
make	6	Episode Num	01
make	4	Episode Num	04
make	9	Episode Num	25
make	1	Episode Num	15
make	2	Episode Num	13
make	2	Episode Num	10
make	4	Episode Num	19
make	3	Episode Num	24
make	1	Episode Num	33
make	6	Episode Num	27
make	9	Episode Num	17
make	7	Episode Num	03
make	2	Episode Num	12
make	4	Episode Num	21
make	2	Episode Num	02
make	2	Episode Num	11
make	3	Episode Num	23
make	5	Episode Num	28
make	7	Episode Num	36
make	2	Episode Num	13
sure	4	Episode Num	20
sure	6	Episode Num	29
sure	2	Episode Num	08
sure	4	Episode Num	16
sure	3	Episode Num	30
sure	4	Episode Num	32
sure	1	Episode Num	39
sure	5	Episode Num	18
sure	7	Episode Num	38
sure	5	Episode Num	35
sure	8	Episode Num	05
sure	3	Episode Num	26
sure	2	Episode Num	34
sure	1	Episode Num	37
sure	3	Episode Num	07
sure	9	Episode Num	09
sure	3	Episode Num	14
sure	2	Episode Num	28
sure	5	Episode Num	22
sure	6	Episode Num	21
sure	2	Episode Num	31
sure	7	Episode Num	01
sure	2	Episode Num	04
sure	2	Episode Num	25
sure	3	Episode Num	15
sure	1	Episode Num	13
sure	7	Episode Num	10
sure	4	Episode Num	19
sure	7	Episode Num	24
sure	3	Episode Num	33
sure	2	Episode Num	27
sure	7	Episode Num	17
sure	7	Episode Num	03
sure	9	Episode Num	12
sure	1	Episode Num	21
sure	4	Episode Num	02
sure	4	Episode Num	11
sure	3	Episode Num	23
sure	2	Episode Num	06
sure	4	Episode Num	28
sure	2	Episode Num	36
sure	4	Episode Num	13
stays	1	Episode Num	20
stays	1	Episode Num	21
stays	1	Episode Num	28
stays	1	Episode Num	36
completely	1	Episode Num	20
completely	1	Episode Num	30
completely	1	Episode Num	32
completely	1	Episode Num	18
completely	2	Episode Num	35
completely	1	Episode Num	34
completely	3	Episode Num	37
completely	1	Episode Num	14
completely	1	Episode Num	28
completely	1	Episode Num	22
completely	1	Episode Num	21
completely	1	Episode Num	04
completely	1	Episode Num	25
completely	2	Episode Num	19
completely	1	Episode Num	24
completely	1	Episode Num	27
completely	1	Episode Num	03
completely	1	Episode Num	21
completely	1	Episode Num	11
completely	1	Episode Num	23
completely	1	Episode Num	28
completely	1	Episode Num	13
invisible	1	Episode Num	20
invisible	1	Episode Num	21
invisible	1	Episode Num	27
invisible	1	Episode Num	28
protect	5	Episode Num	20
protect	1	Episode Num	32
protect	1	Episode Num	35
protect	1	Episode Num	05
protect	2	Episode Num	09
protect	1	Episode Num	14
protect	1	Episode Num	21
protect	5	Episode Num	01
protect	1	Episode Num	04
protect	5	Episode Num	25
protect	4	Episode Num	15
protect	2	Episode Num	13
protect	1	Episode Num	24
protect	1	Episode Num	33
protect	2	Episode Num	03
protect	2	Episode Num	12
protect	2	Episode Num	21
protect	1	Episode Num	02
protect	4	Episode Num	11
protect	1	Episode Num	06
protect	11	Episode Num	28
protect	3	Episode Num	13
ensure	1	Episode Num	20
ensure	1	Episode Num	32
ensure	2	Episode Num	21
ensure	2	Episode Num	12
ensure	1	Episode Num	28
ensure	1	Episode Num	13
finish	3	Episode Num	20
finish	1	Episode Num	29
finish	1	Episode Num	08
finish	2	Episode Num	16
finish	1	Episode Num	30
finish	1	Episode Num	32
finish	1	Episode Num	05
finish	2	Episode Num	26
finish	1	Episode Num	34
finish	2	Episode Num	37
finish	2	Episode Num	09
finish	3	Episode Num	28
finish	1	Episode Num	22
finish	2	Episode Num	21
finish	2	Episode Num	31
finish	2	Episode Num	01
finish	2	Episode Num	25
finish	3	Episode Num	15
finish	2	Episode Num	13
finish	1	Episode Num	10
finish	3	Episode Num	19
finish	2	Episode Num	33
finish	8	Episode Num	27
finish	2	Episode Num	12
finish	1	Episode Num	21
finish	1	Episode Num	02
finish	3	Episode Num	23
finish	1	Episode Num	06
finish	2	Episode Num	28
finish	4	Episode Num	36
finish	4	Episode Num	13
off	3	Episode Num	20
off	6	Episode Num	29
off	4	Episode Num	08
off	4	Episode Num	16
off	2	Episode Num	30
off	1	Episode Num	32
off	3	Episode Num	39
off	5	Episode Num	18
off	5	Episode Num	38
off	3	Episode Num	26
off	2	Episode Num	34
off	3	Episode Num	07
off	4	Episode Num	09
off	2	Episode Num	14
off	9	Episode Num	28
off	2	Episode Num	22
off	5	Episode Num	21
off	5	Episode Num	31
off	6	Episode Num	01
off	1	Episode Num	04
off	1	Episode Num	25
off	3	Episode Num	15
off	4	Episode Num	13
off	1	Episode Num	10
off	4	Episode Num	19
off	9	Episode Num	24
off	4	Episode Num	33
off	18	Episode Num	27
off	4	Episode Num	17
off	1	Episode Num	03
off	4	Episode Num	12
off	2	Episode Num	21
off	4	Episode Num	02
off	3	Episode Num	11
off	2	Episode Num	23
off	7	Episode Num	06
off	6	Episode Num	28
off	3	Episode Num	36
off	9	Episode Num	13
himself	3	Episode Num	20
himself	1	Episode Num	08
himself	1	Episode Num	18
himself	1	Episode Num	38
himself	1	Episode Num	37
himself	2	Episode Num	09
himself	1	Episode Num	14
himself	2	Episode Num	22
himself	3	Episode Num	21
himself	1	Episode Num	01
himself	1	Episode Num	15
himself	1	Episode Num	13
himself	2	Episode Num	27
himself	1	Episode Num	12
himself	2	Episode Num	02
himself	2	Episode Num	11
himself	2	Episode Num	28
himself	4	Episode Num	13
bruno	9	Episode Num	20
bruno	1	Episode Num	16
bruno	1	Episode Num	07
bruno	1	Episode Num	01
bruno	1	Episode Num	13
bruno	1	Episode Num	33
bruno	1	Episode Num	17
bruno	1	Episode Num	21
bruno	2	Episode Num	02
born	1	Episode Num	20
born	1	Episode Num	29
born	1	Episode Num	16
born	1	Episode Num	18
born	1	Episode Num	05
born	1	Episode Num	26
born	6	Episode Num	37
born	1	Episode Num	22
born	3	Episode Num	21
born	3	Episode Num	17
born	3	Episode Num	12
born	1	Episode Num	21
born	2	Episode Num	02
born	1	Episode Num	11
born	1	Episode Num	36
born	1	Episode Num	13
fisherman's	1	Episode Num	20
son	6	Episode Num	20
son	4	Episode Num	29
son	1	Episode Num	08
son	1	Episode Num	16
son	2	Episode Num	32
son	1	Episode Num	18
son	2	Episode Num	38
son	14	Episode Num	35
son	7	Episode Num	05
son	11	Episode Num	26
son	8	Episode Num	34
son	10	Episode Num	37
son	4	Episode Num	09
son	1	Episode Num	14
son	2	Episode Num	28
son	4	Episode Num	22
son	2	Episode Num	21
son	4	Episode Num	01
son	3	Episode Num	04
son	3	Episode Num	25
son	2	Episode Num	15
son	3	Episode Num	19
son	1	Episode Num	24
son	9	Episode Num	33
son	9	Episode Num	27
son	2	Episode Num	17
son	4	Episode Num	03
son	2	Episode Num	12
son	10	Episode Num	21
son	3	Episode Num	02
son	4	Episode Num	11
son	1	Episode Num	23
son	5	Episode Num	28
son	9	Episode Num	36
son	1	Episode Num	13
suburb	1	Episode Num	20
suburb	1	Episode Num	21
suburb	1	Episode Num	33
suburb	1	Episode Num	12
wasn't	1	Episode Num	20
wasn't	1	Episode Num	29
wasn't	1	Episode Num	08
wasn't	4	Episode Num	16
wasn't	1	Episode Num	32
wasn't	2	Episode Num	18
wasn't	2	Episode Num	38
wasn't	2	Episode Num	05
wasn't	3	Episode Num	26
wasn't	3	Episode Num	34
wasn't	3	Episode Num	37
wasn't	1	Episode Num	07
wasn't	2	Episode Num	14
wasn't	2	Episode Num	22
wasn't	3	Episode Num	21
wasn't	2	Episode Num	01
wasn't	1	Episode Num	04
wasn't	1	Episode Num	15
wasn't	2	Episode Num	24
wasn't	2	Episode Num	27
wasn't	1	Episode Num	17
wasn't	1	Episode Num	03
wasn't	2	Episode Num	12
wasn't	2	Episode Num	21
wasn't	3	Episode Num	02
wasn't	2	Episode Num	11
wasn't	1	Episode Num	06
best	1	Episode Num	20
best	1	Episode Num	30
best	1	Episode Num	32
best	1	Episode Num	18
best	1	Episode Num	38
best	2	Episode Num	26
best	1	Episode Num	07
best	1	Episode Num	22
best	3	Episode Num	21
best	1	Episode Num	01
best	2	Episode Num	04
best	2	Episode Num	13
best	1	Episode Num	10
best	1	Episode Num	24
best	1	Episode Num	27
best	1	Episode Num	03
best	2	Episode Num	12
best	1	Episode Num	21
best	1	Episode Num	02
best	1	Episode Num	11
best	1	Episode Num	06
best	2	Episode Num	28
best	3	Episode Num	13
dealing	2	Episode Num	20
dealing	1	Episode Num	28
dealing	1	Episode Num	21
dealing	1	Episode Num	02
people	2	Episode Num	20
people	11	Episode Num	29
people	2	Episode Num	08
people	1	Episode Num	16
people	1	Episode Num	30
people	3	Episode Num	35
people	1	Episode Num	05
people	3	Episode Num	26
people	1	Episode Num	34
people	2	Episode Num	07
people	2	Episode Num	09
people	1	Episode Num	14
people	1	Episode Num	28
people	4	Episode Num	21
people	6	Episode Num	01
people	1	Episode Num	04
people	1	Episode Num	15
people	1	Episode Num	13
people	2	Episode Num	10
people	2	Episode Num	19
people	4	Episode Num	33
people	1	Episode Num	27
people	4	Episode Num	03
people	1	Episode Num	12
people	2	Episode Num	21
people	4	Episode Num	02
people	2	Episode Num	11
people	2	Episode Num	23
people	2	Episode Num	06
people	2	Episode Num	28
earnest	1	Episode Num	20
earnest	2	Episode Num	01
honest	1	Episode Num	20
honest	1	Episode Num	32
honest	1	Episode Num	38
honest	1	Episode Num	37
honest	2	Episode Num	31
honest	2	Episode Num	01
fisherman	3	Episode Num	20
tried	1	Episode Num	20
tried	1	Episode Num	29
tried	1	Episode Num	18
tried	1	Episode Num	35
tried	1	Episode Num	22
tried	1	Episode Num	21
tried	2	Episode Num	15
tried	1	Episode Num	10
tried	1	Episode Num	33
tried	1	Episode Num	02
tried	1	Episode Num	28
cruelties	1	Episode Num	20
world	1	Episode Num	20
world	1	Episode Num	29
world	1	Episode Num	16
world	2	Episode Num	32
world	1	Episode Num	39
world	4	Episode Num	38
world	3	Episode Num	35
world	2	Episode Num	26
world	3	Episode Num	34
world	5	Episode Num	37
world	1	Episode Num	07
world	2	Episode Num	14
world	2	Episode Num	28
world	1	Episode Num	21
world	1	Episode Num	04
world	2	Episode Num	25
world	2	Episode Num	13
world	2	Episode Num	19
world	2	Episode Num	33
world	2	Episode Num	27
world	2	Episode Num	12
world	8	Episode Num	21
world	1	Episode Num	02
world	1	Episode Num	11
world	1	Episode Num	23
world	5	Episode Num	28
world	5	Episode Num	36
world	3	Episode Num	13
dad	8	Episode Num	20
dad	1	Episode Num	27
dad	1	Episode Num	21
dad	2	Episode Num	02
dad	2	Episode Num	11
fix	1	Episode Num	20
fix	11	Episode Num	08
fix	1	Episode Num	30
fix	1	Episode Num	34
fix	1	Episode Num	22
fix	2	Episode Num	13
fix	3	Episode Num	19
fix	1	Episode Num	23
net	2	Episode Num	20
net	3	Episode Num	08
net	5	Episode Num	26
net	1	Episode Num	24
net	1	Episode Num	33
net	5	Episode Num	27
net	2	Episode Num	17
mother	4	Episode Num	20
mother	2	Episode Num	18
mother	2	Episode Num	09
mother	1	Episode Num	28
mother	2	Episode Num	22
mother	3	Episode Num	25
mother	5	Episode Num	24
mother	3	Episode Num	17
mother	7	Episode Num	02
very	3	Episode Num	20
very	5	Episode Num	29
very	1	Episode Num	08
very	4	Episode Num	16
very	3	Episode Num	30
very	7	Episode Num	32
very	5	Episode Num	39
very	5	Episode Num	18
very	4	Episode Num	38
very	3	Episode Num	35
very	3	Episode Num	05
very	9	Episode Num	26
very	7	Episode Num	34
very	6	Episode Num	37
very	3	Episode Num	07
very	7	Episode Num	09
very	7	Episode Num	14
very	8	Episode Num	28
very	5	Episode Num	22
very	2	Episode Num	21
very	5	Episode Num	31
very	1	Episode Num	01
very	5	Episode Num	04
very	4	Episode Num	25
very	3	Episode Num	15
very	2	Episode Num	13
very	2	Episode Num	10
very	3	Episode Num	19
very	5	Episode Num	24
very	9	Episode Num	17
very	5	Episode Num	03
very	4	Episode Num	12
very	6	Episode Num	21
very	2	Episode Num	02
very	2	Episode Num	11
very	3	Episode Num	23
very	9	Episode Num	06
very	4	Episode Num	28
very	3	Episode Num	36
very	4	Episode Num	13
loved	1	Episode Num	20
loved	1	Episode Num	29
loved	1	Episode Num	08
loved	1	Episode Num	15
conversations	1	Episode Num	20
always	1	Episode Num	20
always	2	Episode Num	29
always	2	Episode Num	08
always	1	Episode Num	18
always	2	Episode Num	38
always	1	Episode Num	05
always	1	Episode Num	26
always	1	Episode Num	37
always	1	Episode Num	07
always	1	Episode Num	09
always	1	Episode Num	28
always	5	Episode Num	21
always	1	Episode Num	01
always	2	Episode Num	25
always	1	Episode Num	15
always	1	Episode Num	13
always	4	Episode Num	10
always	2	Episode Num	19
always	2	Episode Num	12
always	2	Episode Num	21
always	6	Episode Num	02
always	1	Episode Num	11
always	2	Episode Num	28
always	1	Episode Num	36
always	1	Episode Num	13
looked	1	Episode Num	20
looked	1	Episode Num	29
looked	1	Episode Num	18
looked	2	Episode Num	38
looked	1	Episode Num	35
looked	1	Episode Num	05
looked	1	Episode Num	07
looked	1	Episode Num	14
looked	1	Episode Num	21
looked	1	Episode Num	25
looked	1	Episode Num	19
looked	2	Episode Num	24
looked	1	Episode Num	27
looked	1	Episode Num	03
looked	2	Episode Num	12
looked	1	Episode Num	06
forward	1	Episode Num	20
forward	1	Episode Num	29
forward	1	Episode Num	39
forward	1	Episode Num	24
forward	4	Episode Num	03
forward	2	Episode Num	23
forward	1	Episode Num	06
forward	1	Episode Num	28
bedtime	1	Episode Num	20
stories	1	Episode Num	20
stories	1	Episode Num	24
sleep	2	Episode Num	20
sleep	1	Episode Num	29
sleep	1	Episode Num	08
sleep	3	Episode Num	39
sleep	1	Episode Num	18
sleep	2	Episode Num	38
sleep	1	Episode Num	35
sleep	7	Episode Num	34
sleep	1	Episode Num	03
sleep	1	Episode Num	11
occurred	1	Episode Num	20
occurred	1	Episode Num	34
when	2	Episode Num	20
when	6	Episode Num	29
when	6	Episode Num	08
when	4	Episode Num	16
when	6	Episode Num	30
when	4	Episode Num	32
when	3	Episode Num	39
when	3	Episode Num	18
when	4	Episode Num	38
when	3	Episode Num	35
when	6	Episode Num	05
when	3	Episode Num	26
when	3	Episode Num	34
when	2	Episode Num	37
when	5	Episode Num	07
when	7	Episode Num	09
when	2	Episode Num	14
when	5	Episode Num	28
when	4	Episode Num	22
when	11	Episode Num	21
when	9	Episode Num	31
when	5	Episode Num	01
when	2	Episode Num	04
when	4	Episode Num	25
when	5	Episode Num	15
when	5	Episode Num	13
when	8	Episode Num	10
when	2	Episode Num	19
when	4	Episode Num	24
when	4	Episode Num	33
when	3	Episode Num	27
when	5	Episode Num	17
when	7	Episode Num	03
when	8	Episode Num	12
when	4	Episode Num	21
when	7	Episode Num	02
when	9	Episode Num	11
when	2	Episode Num	23
when	3	Episode Num	06
when	6	Episode Num	28
when	6	Episode Num	36
when	7	Episode Num	13
seven	3	Episode Num	20
seven	1	Episode Num	32
seven	1	Episode Num	39
seven	2	Episode Num	38
seven	2	Episode Num	35
seven	1	Episode Num	26
seven	2	Episode Num	09
seven	2	Episode Num	14
seven	1	Episode Num	31
seven	1	Episode Num	24
want	7	Episode Num	20
want	5	Episode Num	29
want	4	Episode Num	08
want	1	Episode Num	16
want	2	Episode Num	30
want	1	Episode Num	32
want	3	Episode Num	39
want	3	Episode Num	18
want	8	Episode Num	38
want	7	Episode Num	05
want	5	Episode Num	26
want	1	Episode Num	34
want	1	Episode Num	37
want	2	Episode Num	07
want	6	Episode Num	09
want	3	Episode Num	14
want	5	Episode Num	28
want	6	Episode Num	22
want	4	Episode Num	21
want	3	Episode Num	31
want	9	Episode Num	01
want	2	Episode Num	04
want	2	Episode Num	25
want	5	Episode Num	15
want	1	Episode Num	13
want	3	Episode Num	10
want	3	Episode Num	19
want	4	Episode Num	24
want	5	Episode Num	33
want	4	Episode Num	27
want	2	Episode Num	17
want	1	Episode Num	03
want	3	Episode Num	12
want	5	Episode Num	21
want	3	Episode Num	02
want	7	Episode Num	11
want	3	Episode Num	23
want	5	Episode Num	28
change	2	Episode Num	20
change	1	Episode Num	32
change	3	Episode Num	39
change	1	Episode Num	35
change	1	Episode Num	05
change	1	Episode Num	26
change	1	Episode Num	34
change	1	Episode Num	07
change	2	Episode Num	14
change	1	Episode Num	28
change	1	Episode Num	22
change	1	Episode Num	21
change	2	Episode Num	31
change	2	Episode Num	01
change	1	Episode Num	04
change	1	Episode Num	13
change	2	Episode Num	24
change	3	Episode Num	27
change	2	Episode Num	02
change	3	Episode Num	23
change	1	Episode Num	28
change	3	Episode Num	36
change	1	Episode Num	13
leave	2	Episode Num	20
leave	1	Episode Num	29
leave	1	Episode Num	08
leave	1	Episode Num	16
leave	1	Episode Num	30
leave	3	Episode Num	39
leave	4	Episode Num	18
leave	2	Episode Num	38
leave	2	Episode Num	35
leave	1	Episode Num	26
leave	1	Episode Num	34
leave	3	Episode Num	09
leave	4	Episode Num	14
leave	5	Episode Num	28
leave	1	Episode Num	22
leave	3	Episode Num	31
leave	1	Episode Num	04
leave	1	Episode Num	13
leave	1	Episode Num	27
leave	2	Episode Num	17
leave	6	Episode Num	03
leave	2	Episode Num	02
leave	1	Episode Num	11
leave	3	Episode Num	13
town	1	Episode Num	20
town	3	Episode Num	38
town	1	Episode Num	01
town	1	Episode Num	02
town	1	Episode Num	11
ten	3	Episode Num	20
ten	6	Episode Num	29
ten	4	Episode Num	08
ten	6	Episode Num	16
ten	4	Episode Num	30
ten	6	Episode Num	32
ten	2	Episode Num	39
ten	3	Episode Num	18
ten	3	Episode Num	38
ten	1	Episode Num	35
ten	9	Episode Num	05
ten	5	Episode Num	26
ten	6	Episode Num	34
ten	10	Episode Num	07
ten	5	Episode Num	09
ten	4	Episode Num	14
ten	1	Episode Num	28
ten	2	Episode Num	22
ten	5	Episode Num	21
ten	2	Episode Num	31
ten	1	Episode Num	01
ten	5	Episode Num	04
ten	1	Episode Num	25
ten	2	Episode Num	15
ten	3	Episode Num	13
ten	2	Episode Num	10
ten	2	Episode Num	19
ten	7	Episode Num	24
ten	2	Episode Num	33
ten	5	Episode Num	27
ten	10	Episode Num	17
ten	1	Episode Num	03
ten	4	Episode Num	12
ten	4	Episode Num	21
ten	4	Episode Num	02
ten	6	Episode Num	11
ten	2	Episode Num	23
ten	7	Episode Num	06
ten	4	Episode Num	28
ten	5	Episode Num	36
ten	3	Episode Num	13
years	3	Episode Num	20
years	5	Episode Num	29
years	1	Episode Num	16
years	2	Episode Num	32
years	1	Episode Num	38
years	2	Episode Num	05
years	6	Episode Num	26
years	1	Episode Num	34
years	1	Episode Num	07
years	1	Episode Num	09
years	1	Episode Num	14
years	4	Episode Num	28
years	1	Episode Num	22
years	1	Episode Num	21
years	1	Episode Num	04
years	1	Episode Num	25
years	1	Episode Num	10
years	2	Episode Num	19
years	1	Episode Num	24
years	2	Episode Num	33
years	3	Episode Num	27
years	2	Episode Num	17
years	1	Episode Num	03
years	1	Episode Num	12
years	1	Episode Num	02
marriage	1	Episode Num	20
parents	3	Episode Num	20
parents	1	Episode Num	38
parents	1	Episode Num	21
parents	2	Episode Num	12
parents	1	Episode Num	02
parents	1	Episode Num	11
divorced	1	Episode Num	20
reason	1	Episode Num	20
reason	2	Episode Num	29
reason	1	Episode Num	32
reason	1	Episode Num	18
reason	2	Episode Num	38
reason	1	Episode Num	35
reason	1	Episode Num	05
reason	2	Episode Num	34
reason	1	Episode Num	37
reason	2	Episode Num	09
reason	1	Episode Num	14
reason	1	Episode Num	22
reason	1	Episode Num	01
reason	1	Episode Num	15
reason	1	Episode Num	24
reason	1	Episode Num	03
reason	1	Episode Num	12
reason	2	Episode Num	21
reason	1	Episode Num	02
reason	2	Episode Num	11
reason	1	Episode Num	23
reason	2	Episode Num	36
reason	1	Episode Num	13
answer	1	Episode Num	20
answer	1	Episode Num	29
answer	4	Episode Num	16
answer	1	Episode Num	30
answer	4	Episode Num	39
answer	1	Episode Num	18
answer	3	Episode Num	05
answer	1	Episode Num	26
answer	6	Episode Num	07
answer	1	Episode Num	09
answer	1	Episode Num	22
answer	1	Episode Num	31
answer	1	Episode Num	01
answer	2	Episode Num	15
answer	1	Episode Num	13
answer	1	Episode Num	10
answer	1	Episode Num	27
answer	1	Episode Num	17
answer	1	Episode Num	03
answer	2	Episode Num	02
answer	1	Episode Num	23
answer	2	Episode Num	06
answer	4	Episode Num	28
answer	1	Episode Num	36
discussion	1	Episode Num	20
bruno's	1	Episode Num	20
decision	1	Episode Num	20
decision	1	Episode Num	08
decision	2	Episode Num	16
decision	1	Episode Num	09
decision	1	Episode Num	21
decision	2	Episode Num	25
decision	1	Episode Num	24
decision	2	Episode Num	21
decision	1	Episode Num	28
both	2	Episode Num	20
both	1	Episode Num	29
both	1	Episode Num	08
both	1	Episode Num	16
both	1	Episode Num	30
both	1	Episode Num	32
both	1	Episode Num	39
both	1	Episode Num	18
both	2	Episode Num	38
both	2	Episode Num	35
both	1	Episode Num	05
both	4	Episode Num	07
both	2	Episode Num	09
both	1	Episode Num	28
both	2	Episode Num	21
both	2	Episode Num	31
both	4	Episode Num	01
both	2	Episode Num	04
both	1	Episode Num	25
both	4	Episode Num	15
both	1	Episode Num	19
both	2	Episode Num	24
both	1	Episode Num	33
both	1	Episode Num	17
both	1	Episode Num	03
both	2	Episode Num	12
both	1	Episode Num	02
both	2	Episode Num	11
both	1	Episode Num	23
both	3	Episode Num	28
both	2	Episode Num	36
living	1	Episode Num	20
living	3	Episode Num	30
living	1	Episode Num	32
living	1	Episode Num	39
living	1	Episode Num	18
living	2	Episode Num	38
living	1	Episode Num	35
living	1	Episode Num	05
living	2	Episode Num	26
living	1	Episode Num	34
living	1	Episode Num	14
living	2	Episode Num	31
living	2	Episode Num	01
living	1	Episode Num	19
living	3	Episode Num	24
living	2	Episode Num	27
living	5	Episode Num	17
living	1	Episode Num	12
living	2	Episode Num	02
living	1	Episode Num	11
separately	1	Episode Num	20
decide	2	Episode Num	20
decide	2	Episode Num	29
decide	2	Episode Num	39
decide	1	Episode Num	05
decide	2	Episode Num	37
decide	1	Episode Num	07
decide	1	Episode Num	22
decide	2	Episode Num	21
decide	1	Episode Num	15
decide	2	Episode Num	19
decide	1	Episode Num	24
decide	1	Episode Num	33
decide	1	Episode Num	21
decide	2	Episode Num	02
decide	1	Episode Num	13
city	4	Episode Num	20
city	4	Episode Num	18
city	1	Episode Num	05
city	1	Episode Num	26
city	1	Episode Num	09
city	4	Episode Num	21
city	1	Episode Num	31
city	7	Episode Num	01
city	1	Episode Num	13
city	1	Episode Num	19
city	1	Episode Num	33
city	2	Episode Num	03
city	2	Episode Num	12
city	5	Episode Num	02
city	2	Episode Num	11
smart	1	Episode Num	20
smart	1	Episode Num	32
smart	1	Episode Num	15
smart	1	Episode Num	10
smart	1	Episode Num	03
smart	1	Episode Num	21
school	2	Episode Num	20
school	1	Episode Num	35
school	1	Episode Num	05
school	1	Episode Num	21
school	1	Episode Num	01
school	2	Episode Num	04
school	1	Episode Num	13
school	1	Episode Num	33
school	1	Episode Num	12
school	3	Episode Num	11
school	1	Episode Num	06
there'll	1	Episode Num	20
there'll	1	Episode Num	07
there'll	1	Episode Num	14
there'll	2	Episode Num	04
there'll	1	Episode Num	27
lot	1	Episode Num	20
lot	1	Episode Num	29
lot	1	Episode Num	32
lot	1	Episode Num	38
lot	1	Episode Num	05
lot	1	Episode Num	07
lot	1	Episode Num	09
lot	1	Episode Num	14
lot	1	Episode Num	28
lot	1	Episode Num	01
lot	1	Episode Num	15
lot	2	Episode Num	10
lot	2	Episode Num	19
lot	1	Episode Num	17
lot	2	Episode Num	21
kids	1	Episode Num	20
kids	1	Episode Num	38
kids	1	Episode Num	21
kids	4	Episode Num	02
kids	1	Episode Num	11
age	4	Episode Num	20
age	5	Episode Num	29
age	1	Episode Num	08
age	6	Episode Num	16
age	9	Episode Num	30
age	5	Episode Num	32
age	2	Episode Num	18
age	2	Episode Num	38
age	1	Episode Num	05
age	5	Episode Num	26
age	1	Episode Num	34
age	4	Episode Num	07
age	2	Episode Num	09
age	8	Episode Num	14
age	1	Episode Num	28
age	6	Episode Num	21
age	4	Episode Num	31
age	9	Episode Num	01
age	3	Episode Num	04
age	7	Episode Num	25
age	5	Episode Num	15
age	2	Episode Num	10
age	2	Episode Num	19
age	1	Episode Num	24
age	4	Episode Num	33
age	14	Episode Num	27
age	2	Episode Num	17
age	1	Episode Num	03
age	9	Episode Num	12
age	5	Episode Num	21
age	2	Episode Num	02
age	5	Episode Num	11
age	1	Episode Num	06
age	5	Episode Num	28
age	2	Episode Num	36
too	3	Episode Num	20
too	6	Episode Num	29
too	8	Episode Num	08
too	4	Episode Num	16
too	5	Episode Num	30
too	7	Episode Num	32
too	3	Episode Num	39
too	6	Episode Num	18
too	5	Episode Num	38
too	7	Episode Num	35
too	4	Episode Num	05
too	4	Episode Num	26
too	7	Episode Num	34
too	1	Episode Num	37
too	6	Episode Num	07
too	5	Episode Num	09
too	11	Episode Num	14
too	11	Episode Num	28
too	1	Episode Num	22
too	3	Episode Num	21
too	8	Episode Num	31
too	8	Episode Num	01
too	4	Episode Num	04
too	8	Episode Num	25
too	8	Episode Num	15
too	4	Episode Num	13
too	8	Episode Num	10
too	10	Episode Num	19
too	6	Episode Num	24
too	5	Episode Num	33
too	7	Episode Num	27
too	6	Episode Num	17
too	5	Episode Num	03
too	3	Episode Num	12
too	5	Episode Num	21
too	7	Episode Num	02
too	8	Episode Num	11
too	2	Episode Num	23
too	2	Episode Num	06
too	6	Episode Num	28
too	5	Episode Num	36
too	8	Episode Num	13
come	8	Episode Num	20
come	11	Episode Num	29
come	1	Episode Num	08
come	2	Episode Num	16
come	3	Episode Num	30
come	5	Episode Num	32
come	1	Episode Num	39
come	3	Episode Num	18
come	7	Episode Num	38
come	8	Episode Num	35
come	8	Episode Num	05
come	5	Episode Num	26
come	3	Episode Num	34
come	5	Episode Num	37
come	11	Episode Num	07
come	7	Episode Num	09
come	2	Episode Num	14
come	8	Episode Num	28
come	6	Episode Num	22
come	10	Episode Num	21
come	3	Episode Num	31
come	6	Episode Num	01
come	4	Episode Num	04
come	5	Episode Num	25
come	2	Episode Num	15
come	9	Episode Num	13
come	9	Episode Num	10
come	6	Episode Num	19
come	2	Episode Num	24
come	5	Episode Num	33
come	6	Episode Num	27
come	4	Episode Num	17
come	6	Episode Num	03
come	12	Episode Num	12
come	15	Episode Num	21
come	10	Episode Num	02
come	5	Episode Num	11
come	1	Episode Num	23
come	4	Episode Num	06
come	7	Episode Num	28
come	7	Episode Num	36
come	9	Episode Num	13
huh	1	Episode Num	20
huh	5	Episode Num	08
huh	1	Episode Num	30
huh	1	Episode Num	39
huh	1	Episode Num	18
huh	1	Episode Num	35
huh	5	Episode Num	05
huh	9	Episode Num	26
huh	2	Episode Num	34
huh	1	Episode Num	07
huh	9	Episode Num	09
huh	8	Episode Num	14
huh	8	Episode Num	22
huh	1	Episode Num	21
huh	1	Episode Num	31
huh	5	Episode Num	01
huh	2	Episode Num	04
huh	2	Episode Num	25
huh	5	Episode Num	15
huh	2	Episode Num	13
huh	2	Episode Num	10
huh	2	Episode Num	19
huh	1	Episode Num	24
huh	1	Episode Num	27
huh	5	Episode Num	17
huh	1	Episode Num	03
huh	1	Episode Num	12
huh	3	Episode Num	21
huh	4	Episode Num	11
huh	2	Episode Num	23
huh	1	Episode Num	06
huh	1	Episode Num	28
huh	1	Episode Num	13
better	4	Episode Num	20
better	1	Episode Num	29
better	2	Episode Num	08
better	2	Episode Num	16
better	2	Episode Num	30
better	1	Episode Num	32
better	1	Episode Num	39
better	3	Episode Num	18
better	1	Episode Num	38
better	1	Episode Num	05
better	1	Episode Num	07
better	1	Episode Num	14
better	1	Episode Num	28
better	3	Episode Num	22
better	1	Episode Num	21
better	2	Episode Num	01
better	1	Episode Num	15
better	1	Episode Num	13
better	1	Episode Num	10
better	1	Episode Num	19
better	1	Episode Num	12
better	1	Episode Num	21
better	1	Episode Num	02
better	2	Episode Num	11
better	3	Episode Num	06
stay	2	Episode Num	20
stay	2	Episode Num	08
stay	8	Episode Num	32
stay	2	Episode Num	18
stay	4	Episode Num	38
stay	1	Episode Num	35
stay	1	Episode Num	05
stay	1	Episode Num	34
stay	1	Episode Num	09
stay	1	Episode Num	14
stay	1	Episode Num	28
stay	2	Episode Num	22
stay	2	Episode Num	21
stay	3	Episode Num	31
stay	3	Episode Num	25
stay	1	Episode Num	13
stay	1	Episode Num	19
stay	2	Episode Num	24
stay	3	Episode Num	12
stay	2	Episode Num	11
stay	3	Episode Num	06
stay	1	Episode Num	28
stay	10	Episode Num	36
mom's	1	Episode Num	20
mom's	1	Episode Num	11
strong	2	Episode Num	20
strong	1	Episode Num	08
strong	2	Episode Num	30
strong	2	Episode Num	32
strong	1	Episode Num	18
strong	2	Episode Num	05
strong	1	Episode Num	26
strong	1	Episode Num	22
strong	1	Episode Num	21
strong	3	Episode Num	31
strong	2	Episode Num	04
strong	2	Episode Num	25
strong	1	Episode Num	13
strong	1	Episode Num	19
strong	3	Episode Num	17
strong	1	Episode Num	06
strong	2	Episode Num	28
strong	1	Episode Num	13
anywhere	1	Episode Num	20
anywhere	1	Episode Num	16
anywhere	3	Episode Num	38
anywhere	1	Episode Num	35
anywhere	2	Episode Num	34
anywhere	1	Episode Num	09
anywhere	1	Episode Num	31
anywhere	2	Episode Num	33
anywhere	1	Episode Num	27
anywhere	1	Episode Num	12
anywhere	1	Episode Num	11
leaving	1	Episode Num	20
leaving	1	Episode Num	16
leaving	2	Episode Num	30
leaving	1	Episode Num	34
leaving	2	Episode Num	37
leaving	1	Episode Num	09
leaving	2	Episode Num	14
leaving	1	Episode Num	28
leaving	2	Episode Num	22
leaving	1	Episode Num	21
leaving	1	Episode Num	31
leaving	1	Episode Num	10
leaving	1	Episode Num	21
leaving	2	Episode Num	02
leaving	1	Episode Num	13
back	2	Episode Num	20
back	3	Episode Num	29
back	9	Episode Num	08
back	4	Episode Num	16
back	9	Episode Num	30
back	1	Episode Num	32
back	6	Episode Num	39
back	5	Episode Num	18
back	6	Episode Num	38
back	7	Episode Num	35
back	1	Episode Num	05
back	3	Episode Num	26
back	4	Episode Num	34
back	5	Episode Num	37
back	4	Episode Num	07
back	4	Episode Num	09
back	2	Episode Num	14
back	7	Episode Num	28
back	5	Episode Num	22
back	5	Episode Num	21
back	9	Episode Num	31
back	7	Episode Num	01
back	3	Episode Num	04
back	3	Episode Num	25
back	2	Episode Num	15
back	3	Episode Num	13
back	8	Episode Num	10
back	6	Episode Num	19
back	4	Episode Num	24
back	2	Episode Num	33
back	1	Episode Num	27
back	5	Episode Num	17
back	3	Episode Num	03
back	7	Episode Num	12
back	7	Episode Num	21
back	6	Episode Num	02
back	7	Episode Num	11
back	2	Episode Num	23
back	7	Episode Num	06
back	2	Episode Num	28
back	3	Episode Num	36
back	5	Episode Num	13
month	1	Episode Num	20
month	3	Episode Num	39
month	3	Episode Num	38
month	1	Episode Num	09
month	2	Episode Num	02
month	1	Episode Num	11
visit	1	Episode Num	20
visit	1	Episode Num	29
visit	6	Episode Num	03
visit	1	Episode Num	12
okay	2	Episode Num	20
okay	1	Episode Num	29
okay	1	Episode Num	16
okay	2	Episode Num	30
okay	1	Episode Num	39
okay	1	Episode Num	38
okay	2	Episode Num	35
okay	3	Episode Num	05
okay	3	Episode Num	34
okay	1	Episode Num	37
okay	4	Episode Num	09
okay	2	Episode Num	14
okay	2	Episode Num	31
okay	3	Episode Num	01
okay	1	Episode Num	25
okay	1	Episode Num	15
okay	2	Episode Num	10
okay	2	Episode Num	33
okay	1	Episode Num	17
okay	1	Episode Num	12
okay	2	Episode Num	21
okay	1	Episode Num	23
okay	2	Episode Num	36
okay	1	Episode Num	13
instinctively	1	Episode Num	20
instinctively	1	Episode Num	28
figured	1	Episode Num	20
figured	3	Episode Num	29
figured	1	Episode Num	16
figured	1	Episode Num	30
figured	1	Episode Num	32
figured	2	Episode Num	35
figured	1	Episode Num	34
figured	1	Episode Num	28
figured	1	Episode Num	22
figured	1	Episode Num	01
figured	1	Episode Num	25
figured	1	Episode Num	13
figured	2	Episode Num	10
figured	1	Episode Num	24
figured	2	Episode Num	33
figured	3	Episode Num	27
figured	2	Episode Num	17
figured	1	Episode Num	21
figured	1	Episode Num	23
figured	3	Episode Num	06
figured	1	Episode Num	36
figured	2	Episode Num	13
left	2	Episode Num	20
left	1	Episode Num	29
left	9	Episode Num	08
left	4	Episode Num	16
left	1	Episode Num	30
left	1	Episode Num	32
left	4	Episode Num	39
left	4	Episode Num	18
left	1	Episode Num	38
left	2	Episode Num	35
left	3	Episode Num	05
left	3	Episode Num	26
left	2	Episode Num	34
left	2	Episode Num	07
left	3	Episode Num	09
left	2	Episode Num	14
left	4	Episode Num	28
left	2	Episode Num	22
left	1	Episode Num	21
left	6	Episode Num	25
left	3	Episode Num	15
left	6	Episode Num	13
left	1	Episode Num	19
left	5	Episode Num	24
left	2	Episode Num	27
left	4	Episode Num	03
left	4	Episode Num	12
left	1	Episode Num	21
left	1	Episode Num	11
left	1	Episode Num	23
left	2	Episode Num	06
left	2	Episode Num	28
left	1	Episode Num	36
left	2	Episode Num	13
remarried	1	Episode Num	20
man	10	Episode Num	20
man	6	Episode Num	29
man	5	Episode Num	08
man	13	Episode Num	16
man	5	Episode Num	30
man	5	Episode Num	32
man	2	Episode Num	39
man	5	Episode Num	18
man	10	Episode Num	38
man	6	Episode Num	35
man	4	Episode Num	05
man	10	Episode Num	26
man	4	Episode Num	34
man	4	Episode Num	07
man	10	Episode Num	09
man	5	Episode Num	14
man	5	Episode Num	28
man	2	Episode Num	22
man	9	Episode Num	21
man	6	Episode Num	31
man	2	Episode Num	01
man	9	Episode Num	04
man	2	Episode Num	25
man	6	Episode Num	15
man	4	Episode Num	13
man	6	Episode Num	10
man	4	Episode Num	24
man	9	Episode Num	33
man	5	Episode Num	27
man	6	Episode Num	17
man	5	Episode Num	03
man	8	Episode Num	12
man	6	Episode Num	21
man	15	Episode Num	02
man	5	Episode Num	11
man	2	Episode Num	23
man	5	Episode Num	06
man	5	Episode Num	28
man	4	Episode Num	36
man	9	Episode Num	13
milan	1	Episode Num	20
end	6	Episode Num	20
end	2	Episode Num	29
end	7	Episode Num	08
end	3	Episode Num	16
end	4	Episode Num	30
end	6	Episode Num	32
end	5	Episode Num	39
end	5	Episode Num	18
end	9	Episode Num	38
end	5	Episode Num	35
end	4	Episode Num	05
end	3	Episode Num	26
end	4	Episode Num	34
end	4	Episode Num	37
end	2	Episode Num	07
end	3	Episode Num	09
end	4	Episode Num	14
end	3	Episode Num	28
end	2	Episode Num	22
end	13	Episode Num	21
end	4	Episode Num	31
end	6	Episode Num	01
end	1	Episode Num	04
end	6	Episode Num	15
end	8	Episode Num	13
end	8	Episode Num	10
end	6	Episode Num	19
end	4	Episode Num	24
end	7	Episode Num	33
end	5	Episode Num	27
end	3	Episode Num	17
end	4	Episode Num	03
end	2	Episode Num	12
end	7	Episode Num	21
end	6	Episode Num	02
end	10	Episode Num	11
end	6	Episode Num	23
end	11	Episode Num	06
end	2	Episode Num	28
end	5	Episode Num	36
end	5	Episode Num	13
seeing	1	Episode Num	20
seeing	1	Episode Num	18
seeing	1	Episode Num	38
seeing	5	Episode Num	37
seeing	1	Episode Num	07
seeing	1	Episode Num	09
seeing	2	Episode Num	22
seeing	1	Episode Num	04
seeing	1	Episode Num	13
seeing	1	Episode Num	10
seeing	1	Episode Num	24
seeing	1	Episode Num	27
seeing	2	Episode Num	03
seeing	1	Episode Num	21
seeing	1	Episode Num	23
seeing	1	Episode Num	28
christmas	1	Episode Num	20
wife	1	Episode Num	20
wife	3	Episode Num	38
became	1	Episode Num	20
became	2	Episode Num	29
became	1	Episode Num	30
became	1	Episode Num	26
became	1	Episode Num	28
became	1	Episode Num	22
became	1	Episode Num	21
became	1	Episode Num	24
became	1	Episode Num	17
became	1	Episode Num	02
became	1	Episode Num	23
became	2	Episode Num	06
became	1	Episode Num	13
determined	1	Episode Num	20
determined	1	Episode Num	08
determined	1	Episode Num	22
determined	1	Episode Num	21
determined	1	Episode Num	04
determined	1	Episode Num	13
determined	2	Episode Num	19
determined	2	Episode Num	02
send	1	Episode Num	20
send	1	Episode Num	18
send	2	Episode Num	21
send	1	Episode Num	31
send	1	Episode Num	01
send	2	Episode Num	15
send	3	Episode Num	10
send	1	Episode Num	24
send	1	Episode Num	11
customers	1	Episode Num	20
customers	1	Episode Num	05
soon	1	Episode Num	20
soon	1	Episode Num	29
soon	1	Episode Num	16
soon	1	Episode Num	30
soon	1	Episode Num	32
soon	1	Episode Num	35
soon	1	Episode Num	26
soon	3	Episode Num	09
soon	2	Episode Num	28
soon	1	Episode Num	21
soon	1	Episode Num	04
soon	1	Episode Num	15
soon	1	Episode Num	13
soon	2	Episode Num	10
soon	1	Episode Num	24
soon	1	Episode Num	17
soon	3	Episode Num	12
soon	1	Episode Num	21
soon	4	Episode Num	11
soon	1	Episode Num	06
soon	2	Episode Num	36
soon	1	Episode Num	13
reapply	1	Episode Num	20
nets	1	Episode Num	20
nets	1	Episode Num	33
handle	1	Episode Num	20
handle	1	Episode Num	32
handle	1	Episode Num	09
handle	1	Episode Num	25
handle	1	Episode Num	27
handle	1	Episode Num	02
until	3	Episode Num	20
until	2	Episode Num	29
until	1	Episode Num	16
until	1	Episode Num	30
until	3	Episode Num	32
until	1	Episode Num	38
until	1	Episode Num	35
until	2	Episode Num	26
until	2	Episode Num	34
until	2	Episode Num	09
until	1	Episode Num	21
until	1	Episode Num	31
until	1	Episode Num	04
until	1	Episode Num	25
until	2	Episode Num	10
until	1	Episode Num	24
until	3	Episode Num	27
until	1	Episode Num	17
until	2	Episode Num	03
until	1	Episode Num	21
until	1	Episode Num	02
until	1	Episode Num	11
until	1	Episode Num	06
until	1	Episode Num	28
until	1	Episode Num	13
then	1	Episode Num	20
then	1	Episode Num	29
then	3	Episode Num	08
then	2	Episode Num	16
then	5	Episode Num	30
then	1	Episode Num	32
then	5	Episode Num	39
then	4	Episode Num	18
then	2	Episode Num	38
then	8	Episode Num	35
then	6	Episode Num	05
then	3	Episode Num	26
then	3	Episode Num	34
then	1	Episode Num	07
then	7	Episode Num	09
then	4	Episode Num	14
then	1	Episode Num	28
then	8	Episode Num	22
then	11	Episode Num	21
then	4	Episode Num	01
then	5	Episode Num	04
then	2	Episode Num	25
then	2	Episode Num	15
then	7	Episode Num	13
then	3	Episode Num	10
then	2	Episode Num	19
then	2	Episode Num	24
then	1	Episode Num	33
then	9	Episode Num	27
then	2	Episode Num	17
then	2	Episode Num	03
then	9	Episode Num	12
then	2	Episode Num	21
then	1	Episode Num	02
then	5	Episode Num	11
then	2	Episode Num	23
then	4	Episode Num	06
then	1	Episode Num	28
then	3	Episode Num	36
then	7	Episode Num	13
he'd	1	Episode Num	20
he'd	2	Episode Num	29
he'd	1	Episode Num	08
he'd	1	Episode Num	16
he'd	1	Episode Num	39
he'd	1	Episode Num	26
he'd	1	Episode Num	34
he'd	2	Episode Num	22
he'd	2	Episode Num	21
he'd	1	Episode Num	01
he'd	1	Episode Num	04
he'd	1	Episode Num	15
he'd	2	Episode Num	33
he'd	1	Episode Num	27
he'd	2	Episode Num	02
he'd	2	Episode Num	11
he'd	1	Episode Num	23
he'd	1	Episode Num	06
he'd	1	Episode Num	28
he'd	1	Episode Num	36
he'd	1	Episode Num	13
earn	3	Episode Num	20
earn	1	Episode Num	08
earn	1	Episode Num	18
earn	4	Episode Num	05
earn	1	Episode Num	26
earn	1	Episode Num	37
earn	2	Episode Num	09
earn	1	Episode Num	28
earn	1	Episode Num	22
earn	1	Episode Num	21
earn	2	Episode Num	01
earn	2	Episode Num	19
earn	1	Episode Num	33
earn	1	Episode Num	27
earn	5	Episode Num	17
earn	1	Episode Num	21
earn	2	Episode Num	02
earn	1	Episode Num	06
earn	1	Episode Num	36
money	1	Episode Num	20
money	2	Episode Num	08
money	1	Episode Num	32
money	10	Episode Num	05
money	4	Episode Num	26
money	3	Episode Num	07
money	3	Episode Num	09
money	2	Episode Num	21
money	7	Episode Num	01
money	1	Episode Num	04
money	3	Episode Num	13
money	1	Episode Num	10
money	1	Episode Num	17
money	1	Episode Num	12
money	1	Episode Num	21
money	2	Episode Num	11
money	4	Episode Num	06
son's	2	Episode Num	20
son's	1	Episode Num	35
son's	1	Episode Num	05
son's	2	Episode Num	26
son's	1	Episode Num	37
son's	4	Episode Num	27
son's	3	Episode Num	21
son's	3	Episode Num	28
son's	2	Episode Num	36
tuition	1	Episode Num	20
tuition	1	Episode Num	14
tuition	1	Episode Num	15
started	1	Episode Num	20
started	1	Episode Num	08
started	1	Episode Num	39
started	1	Episode Num	38
started	3	Episode Num	26
started	1	Episode Num	34
started	2	Episode Num	07
started	1	Episode Num	09
started	1	Episode Num	28
started	6	Episode Num	21
started	1	Episode Num	19
started	2	Episode Num	33
started	2	Episode Num	03
started	2	Episode Num	12
started	1	Episode Num	02
started	1	Episode Num	11
started	1	Episode Num	06
started	1	Episode Num	36
taking	1	Episode Num	20
taking	1	Episode Num	08
taking	1	Episode Num	30
taking	2	Episode Num	38
taking	1	Episode Num	07
taking	4	Episode Num	09
taking	1	Episode Num	28
taking	3	Episode Num	21
taking	1	Episode Num	31
taking	1	Episode Num	25
taking	1	Episode Num	15
taking	2	Episode Num	13
taking	1	Episode Num	10
taking	1	Episode Num	19
taking	2	Episode Num	24
taking	2	Episode Num	03
taking	1	Episode Num	12
taking	3	Episode Num	02
taking	1	Episode Num	28
taking	2	Episode Num	13
tourists	1	Episode Num	20
tourists	1	Episode Num	05
tourists	3	Episode Num	07
tourists	3	Episode Num	28
fishermen	2	Episode Num	20
fishermen	1	Episode Num	25
wheel	1	Episode Num	20
wheel	2	Episode Num	08
wheel	1	Episode Num	32
wheel	2	Episode Num	18
wheel	1	Episode Num	34
wheel	1	Episode Num	10
fate	1	Episode Num	20
fate	3	Episode Num	30
fate	3	Episode Num	39
fate	2	Episode Num	38
fate	1	Episode Num	35
fate	1	Episode Num	26
fate	1	Episode Num	34
fate	7	Episode Num	37
fate	2	Episode Num	19
fate	1	Episode Num	17
fate	1	Episode Num	03
fate	1	Episode Num	12
fate	1	Episode Num	02
fate	1	Episode Num	11
fate	2	Episode Num	28
fate	3	Episode Num	36
continued	1	Episode Num	20
continued	1	Episode Num	04
continued	1	Episode Num	13
turn	3	Episode Num	20
turn	1	Episode Num	29
turn	1	Episode Num	08
turn	2	Episode Num	16
turn	4	Episode Num	32
turn	1	Episode Num	39
turn	7	Episode Num	18
turn	1	Episode Num	38
turn	3	Episode Num	05
turn	1	Episode Num	34
turn	4	Episode Num	37
turn	2	Episode Num	07
turn	2	Episode Num	09
turn	3	Episode Num	14
turn	3	Episode Num	28
turn	1	Episode Num	22
turn	6	Episode Num	31
turn	4	Episode Num	01
turn	1	Episode Num	04
turn	1	Episode Num	25
turn	1	Episode Num	13
turn	6	Episode Num	10
turn	4	Episode Num	19
turn	1	Episode Num	24
turn	3	Episode Num	33
turn	2	Episode Num	27
turn	3	Episode Num	17
turn	4	Episode Num	03
turn	4	Episode Num	12
turn	1	Episode Num	21
turn	2	Episode Num	02
turn	3	Episode Num	11
turn	1	Episode Num	06
turn	1	Episode Num	28
turn	3	Episode Num	36
turn	4	Episode Num	13
sirs	1	Episode Num	20
isn't	2	Episode Num	20
isn't	4	Episode Num	29
isn't	5	Episode Num	08
isn't	2	Episode Num	16
isn't	3	Episode Num	30
isn't	2	Episode Num	32
isn't	1	Episode Num	39
isn't	2	Episode Num	18
isn't	3	Episode Num	35
isn't	2	Episode Num	05
isn't	2	Episode Num	26
isn't	3	Episode Num	34
isn't	6	Episode Num	07
isn't	3	Episode Num	09
isn't	3	Episode Num	14
isn't	1	Episode Num	28
isn't	4	Episode Num	22
isn't	2	Episode Num	21
isn't	1	Episode Num	31
isn't	1	Episode Num	01
isn't	3	Episode Num	04
isn't	4	Episode Num	15
isn't	2	Episode Num	13
isn't	5	Episode Num	10
isn't	3	Episode Num	19
isn't	2	Episode Num	24
isn't	1	Episode Num	33
isn't	4	Episode Num	27
isn't	3	Episode Num	17
isn't	2	Episode Num	03
isn't	4	Episode Num	12
isn't	2	Episode Num	21
isn't	5	Episode Num	02
isn't	2	Episode Num	11
isn't	2	Episode Num	23
isn't	3	Episode Num	06
isn't	1	Episode Num	28
isn't	2	Episode Num	36
isn't	1	Episode Num	13
fishing	2	Episode Num	20
fishing	1	Episode Num	29
fishing	3	Episode Num	16
fishing	1	Episode Num	30
fishing	1	Episode Num	07
fishing	1	Episode Num	15
whatever	1	Episode Num	20
whatever	1	Episode Num	29
whatever	1	Episode Num	30
whatever	1	Episode Num	18
whatever	1	Episode Num	05
whatever	1	Episode Num	34
whatever	1	Episode Num	01
whatever	1	Episode Num	04
whatever	1	Episode Num	25
whatever	1	Episode Num	13
whatever	1	Episode Num	10
whatever	2	Episode Num	24
whatever	1	Episode Num	33
whatever	2	Episode Num	17
whatever	1	Episode Num	03
whatever	1	Episode Num	11
whatever	1	Episode Num	13
wanna	1	Episode Num	20
wanna	1	Episode Num	08
wanna	1	Episode Num	32
wanna	1	Episode Num	38
wanna	1	Episode Num	35
wanna	1	Episode Num	25
wanna	1	Episode Num	15
wanna	1	Episode Num	13
wanna	1	Episode Num	17
wanna	1	Episode Num	11
wanna	1	Episode Num	06
wanna	1	Episode Num	28
shut	2	Episode Num	20
shut	1	Episode Num	29
shut	2	Episode Num	08
shut	2	Episode Num	16
shut	4	Episode Num	05
shut	2	Episode Num	26
shut	2	Episode Num	09
shut	2	Episode Num	14
shut	3	Episode Num	28
shut	1	Episode Num	01
shut	1	Episode Num	13
shut	1	Episode Num	10
shut	2	Episode Num	19
shut	2	Episode Num	24
shut	1	Episode Num	03
shut	1	Episode Num	12
shut	1	Episode Num	06
shut	1	Episode Num	28
shut	1	Episode Num	36
r-right	1	Episode Num	20
r-right	1	Episode Num	30
r-right	2	Episode Num	35
evening	2	Episode Num	20
rescued	2	Episode Num	20
coast	1	Episode Num	20
coast	2	Episode Num	26
coast	1	Episode Num	24
riddled	1	Episode Num	20
riddled	1	Episode Num	10
b*llet	1	Episode Num	20
b*llet	15	Episode Num	08
b*llet	3	Episode Num	39
b*llet	3	Episode Num	35
b*llet	2	Episode Num	07
b*llet	5	Episode Num	31
b*llet	2	Episode Num	01
b*llet	2	Episode Num	15
b*llet	6	Episode Num	13
b*llet	1	Episode Num	10
b*llet	6	Episode Num	19
b*llet	1	Episode Num	11
b*llet	1	Episode Num	23
holes	1	Episode Num	20
holes	1	Episode Num	18
holes	1	Episode Num	28
holes	1	Episode Num	15
holes	1	Episode Num	10
holes	1	Episode Num	19
holes	2	Episode Num	23
shot	4	Episode Num	20
shot	2	Episode Num	29
shot	15	Episode Num	08
shot	1	Episode Num	30
shot	1	Episode Num	39
shot	1	Episode Num	34
shot	3	Episode Num	07
shot	2	Episode Num	09
shot	1	Episode Num	28
shot	4	Episode Num	21
shot	1	Episode Num	31
shot	2	Episode Num	04
shot	3	Episode Num	13
shot	4	Episode Num	10
shot	3	Episode Num	19
shot	1	Episode Num	24
shot	1	Episode Num	27
shot	3	Episode Num	11
shot	3	Episode Num	23
shot	1	Episode Num	06
shot	1	Episode Num	36
times	2	Episode Num	20
times	2	Episode Num	08
times	1	Episode Num	18
times	1	Episode Num	38
times	1	Episode Num	35
times	5	Episode Num	05
times	1	Episode Num	26
times	2	Episode Num	21
times	1	Episode Num	31
times	1	Episode Num	01
times	1	Episode Num	25
times	2	Episode Num	10
times	1	Episode Num	19
times	1	Episode Num	33
times	1	Episode Num	27
times	2	Episode Num	12
times	1	Episode Num	02
times	1	Episode Num	11
arms	2	Episode Num	20
arms	1	Episode Num	21
arms	4	Episode Num	24
arms	1	Episode Num	27
shoulders	1	Episode Num	20
shoulders	1	Episode Num	05
shoulders	1	Episode Num	14
shoulders	1	Episode Num	15
chest	1	Episode Num	20
chest	1	Episode Num	16
chest	1	Episode Num	39
torso	1	Episode Num	20
operating	1	Episode Num	20
room	1	Episode Num	20
room	2	Episode Num	29
room	1	Episode Num	16
room	1	Episode Num	38
room	1	Episode Num	35
room	1	Episode Num	26
room	1	Episode Num	09
room	4	Episode Num	14
room	1	Episode Num	28
room	1	Episode Num	22
room	1	Episode Num	25
room	1	Episode Num	19
room	1	Episode Num	24
room	2	Episode Num	17
room	6	Episode Num	03
room	1	Episode Num	02
room	2	Episode Num	23
b*ll*ts	1	Episode Num	26
b*ll*ts	1	Episode Num	14
b*ll*ts	1	Episode Num	28
b*ll*ts	1	Episode Num	04
b*ll*ts	1	Episode Num	13
b*ll*ts	1	Episode Num	21
please	1	Episode Num	20
please	1	Episode Num	29
please	1	Episode Num	08
please	2	Episode Num	30
please	3	Episode Num	39
please	3	Episode Num	38
please	4	Episode Num	35
please	2	Episode Num	05
please	7	Episode Num	26
please	1	Episode Num	37
please	3	Episode Num	07
please	2	Episode Num	14
please	1	Episode Num	22
please	2	Episode Num	21
please	2	Episode Num	31
please	1	Episode Num	01
please	4	Episode Num	25
please	4	Episode Num	15
please	4	Episode Num	19
please	2	Episode Num	24
please	1	Episode Num	33
please	4	Episode Num	17
please	4	Episode Num	03
please	5	Episode Num	12
please	3	Episode Num	21
please	1	Episode Num	02
please	1	Episode Num	11
please	2	Episode Num	23
please	1	Episode Num	28
please	1	Episode Num	13
surgery's	1	Episode Num	20
finished	1	Episode Num	20
finished	1	Episode Num	29
finished	1	Episode Num	08
finished	1	Episode Num	32
finished	1	Episode Num	05
finished	1	Episode Num	34
finished	2	Episode Num	37
finished	2	Episode Num	09
finished	1	Episode Num	28
finished	1	Episode Num	31
finished	1	Episode Num	01
finished	2	Episode Num	25
finished	2	Episode Num	15
finished	2	Episode Num	13
finished	1	Episode Num	33
finished	1	Episode Num	27
finished	1	Episode Num	12
finished	1	Episode Num	21
finished	1	Episode Num	28
finished	3	Episode Num	36
finished	2	Episode Num	13
contact	1	Episode Num	20
contact	1	Episode Num	16
contact	1	Episode Num	18
contact	1	Episode Num	05
contact	1	Episode Num	07
contact	2	Episode Num	09
contact	1	Episode Num	12
contact	2	Episode Num	11
forensics	1	Episode Num	20
coming	1	Episode Num	20
coming	1	Episode Num	29
coming	5	Episode Num	30
coming	1	Episode Num	32
coming	4	Episode Num	18
coming	1	Episode Num	38
coming	2	Episode Num	35
coming	1	Episode Num	05
coming	1	Episode Num	26
coming	1	Episode Num	37
coming	2	Episode Num	07
coming	2	Episode Num	09
coming	2	Episode Num	28
coming	1	Episode Num	22
coming	1	Episode Num	21
coming	1	Episode Num	31
coming	1	Episode Num	01
coming	3	Episode Num	25
coming	1	Episode Num	13
coming	4	Episode Num	10
coming	1	Episode Num	24
coming	2	Episode Num	33
coming	2	Episode Num	27
coming	1	Episode Num	03
coming	1	Episode Num	12
coming	2	Episode Num	21
coming	1	Episode Num	02
coming	3	Episode Num	11
coming	2	Episode Num	23
coming	5	Episode Num	06
coming	3	Episode Num	28
coming	3	Episode Num	36
later	2	Episode Num	20
later	3	Episode Num	29
later	1	Episode Num	30
later	3	Episode Num	39
later	1	Episode Num	35
later	1	Episode Num	05
later	1	Episode Num	26
later	1	Episode Num	07
later	3	Episode Num	09
later	3	Episode Num	21
later	1	Episode Num	01
later	1	Episode Num	04
later	1	Episode Num	25
later	2	Episode Num	10
later	1	Episode Num	19
later	1	Episode Num	12
later	3	Episode Num	21
later	1	Episode Num	02
later	3	Episode Num	11
later	1	Episode Num	06
later	1	Episode Num	13
evidence	1	Episode Num	20
evidence	1	Episode Num	18
sir	2	Episode Num	20
sir	1	Episode Num	29
sir	1	Episode Num	08
sir	1	Episode Num	38
sir	2	Episode Num	05
sir	1	Episode Num	26
sir	5	Episode Num	09
sir	2	Episode Num	21
sir	1	Episode Num	01
sir	2	Episode Num	19
sir	2	Episode Num	17
sir	1	Episode Num	02
thanks	1	Episode Num	20
thanks	1	Episode Num	39
thanks	1	Episode Num	18
thanks	5	Episode Num	05
thanks	1	Episode Num	37
thanks	1	Episode Num	09
thanks	4	Episode Num	28
thanks	3	Episode Num	01
thanks	3	Episode Num	15
thanks	1	Episode Num	19
thanks	2	Episode Num	33
thanks	3	Episode Num	03
thanks	1	Episode Num	02
thanks	1	Episode Num	11
thanks	3	Episode Num	28
thanks	1	Episode Num	36
thanks	1	Episode Num	13
h-how	1	Episode Num	20
h-how	1	Episode Num	32
h-how	1	Episode Num	38
h-how	1	Episode Num	34
h-how	1	Episode Num	10
h-how	1	Episode Num	21
found	3	Episode Num	20
found	4	Episode Num	29
found	1	Episode Num	08
found	1	Episode Num	30
found	1	Episode Num	32
found	4	Episode Num	39
found	5	Episode Num	18
found	1	Episode Num	38
found	1	Episode Num	05
found	2	Episode Num	07
found	2	Episode Num	09
found	2	Episode Num	14
found	2	Episode Num	28
found	2	Episode Num	21
found	5	Episode Num	01
found	1	Episode Num	25
found	3	Episode Num	15
found	3	Episode Num	10
found	1	Episode Num	19
found	1	Episode Num	24
found	2	Episode Num	27
found	2	Episode Num	17
found	2	Episode Num	03
found	2	Episode Num	12
found	1	Episode Num	21
found	1	Episode Num	02
found	1	Episode Num	11
found	6	Episode Num	23
found	3	Episode Num	28
found	3	Episode Num	36
scene	1	Episode Num	20
scene	1	Episode Num	16
scene	1	Episode Num	26
scene	1	Episode Num	07
scene	1	Episode Num	09
scene	1	Episode Num	27
scene	1	Episode Num	12
apparently	1	Episode Num	20
apparently	2	Episode Num	30
apparently	2	Episode Num	32
apparently	1	Episode Num	39
apparently	3	Episode Num	05
apparently	1	Episode Num	26
apparently	1	Episode Num	09
apparently	2	Episode Num	14
apparently	1	Episode Num	28
apparently	2	Episode Num	22
apparently	1	Episode Num	31
apparently	3	Episode Num	24
apparently	2	Episode Num	17
apparently	2	Episode Num	12
apparently	1	Episode Num	11
apparently	1	Episode Num	28
apparently	1	Episode Num	13
witnessed	3	Episode Num	20
drug	2	Episode Num	20
drug	1	Episode Num	29
drug	1	Episode Num	38
drug	3	Episode Num	05
drug	4	Episode Num	09
drug	5	Episode Num	21
drug	3	Episode Num	10
drug	2	Episode Num	33
drug	2	Episode Num	17
drug	1	Episode Num	03
drug	5	Episode Num	02
drug	1	Episode Num	11
deal	3	Episode Num	20
deal	2	Episode Num	16
deal	2	Episode Num	30
deal	3	Episode Num	32
deal	1	Episode Num	38
deal	1	Episode Num	35
deal	1	Episode Num	05
deal	1	Episode Num	26
deal	1	Episode Num	34
deal	1	Episode Num	37
deal	1	Episode Num	14
deal	1	Episode Num	28
deal	1	Episode Num	21
deal	1	Episode Num	31
deal	2	Episode Num	01
deal	1	Episode Num	15
deal	1	Episode Num	10
deal	1	Episode Num	19
deal	1	Episode Num	24
deal	1	Episode Num	33
deal	3	Episode Num	27
deal	1	Episode Num	17
deal	1	Episode Num	03
deal	2	Episode Num	21
deal	2	Episode Num	02
wouldn't	1	Episode Num	20
wouldn't	1	Episode Num	16
wouldn't	1	Episode Num	39
wouldn't	2	Episode Num	35
wouldn't	4	Episode Num	05
wouldn't	3	Episode Num	26
wouldn't	2	Episode Num	37
wouldn't	1	Episode Num	28
wouldn't	1	Episode Num	21
wouldn't	1	Episode Num	31
wouldn't	1	Episode Num	25
wouldn't	1	Episode Num	15
wouldn't	1	Episode Num	10
wouldn't	4	Episode Num	19
wouldn't	1	Episode Num	24
wouldn't	1	Episode Num	33
wouldn't	1	Episode Num	27
wouldn't	1	Episode Num	03
wouldn't	2	Episode Num	12
wouldn't	6	Episode Num	02
wouldn't	1	Episode Num	11
wouldn't	1	Episode Num	28
wouldn't	1	Episode Num	36
talk	1	Episode Num	20
talk	4	Episode Num	08
talk	1	Episode Num	16
talk	1	Episode Num	30
talk	1	Episode Num	32
talk	3	Episode Num	39
talk	1	Episode Num	18
talk	8	Episode Num	38
talk	2	Episode Num	35
talk	4	Episode Num	05
talk	1	Episode Num	26
talk	3	Episode Num	34
talk	1	Episode Num	37
talk	3	Episode Num	07
talk	2	Episode Num	09
talk	3	Episode Num	14
talk	5	Episode Num	28
talk	6	Episode Num	22
talk	1	Episode Num	21
talk	2	Episode Num	31
talk	4	Episode Num	01
talk	2	Episode Num	04
talk	1	Episode Num	25
talk	1	Episode Num	15
talk	4	Episode Num	13
talk	4	Episode Num	10
talk	1	Episode Num	24
talk	1	Episode Num	27
talk	4	Episode Num	17
talk	1	Episode Num	03
talk	3	Episode Num	12
talk	1	Episode Num	21
talk	1	Episode Num	02
talk	5	Episode Num	11
talk	13	Episode Num	23
talk	1	Episode Num	06
talk	1	Episode Num	36
talk	1	Episode Num	13
important	1	Episode Num	20
important	1	Episode Num	29
important	2	Episode Num	30
important	3	Episode Num	18
important	1	Episode Num	38
important	2	Episode Num	05
important	2	Episode Num	26
important	3	Episode Num	34
important	4	Episode Num	09
important	2	Episode Num	28
important	1	Episode Num	22
important	3	Episode Num	21
important	1	Episode Num	31
important	1	Episode Num	01
important	3	Episode Num	04
important	1	Episode Num	25
important	3	Episode Num	13
important	1	Episode Num	10
important	1	Episode Num	19
important	4	Episode Num	33
important	2	Episode Num	27
important	4	Episode Num	17
important	5	Episode Num	03
important	3	Episode Num	12
important	1	Episode Num	11
important	1	Episode Num	06
important	1	Episode Num	28
important	1	Episode Num	36
important	2	Episode Num	13
witness	4	Episode Num	20
witness	1	Episode Num	35
witness	1	Episode Num	37
witness	1	Episode Num	21
witness	1	Episode Num	12
witness	1	Episode Num	11
witness	1	Episode Num	28
exactly	2	Episode Num	20
exactly	2	Episode Num	29
exactly	1	Episode Num	39
exactly	1	Episode Num	18
exactly	1	Episode Num	38
exactly	1	Episode Num	05
exactly	1	Episode Num	09
exactly	1	Episode Num	14
exactly	1	Episode Num	28
exactly	1	Episode Num	22
exactly	1	Episode Num	21
exactly	2	Episode Num	01
exactly	1	Episode Num	04
exactly	1	Episode Num	13
exactly	1	Episode Num	10
exactly	4	Episode Num	19
exactly	1	Episode Num	24
exactly	1	Episode Num	33
exactly	2	Episode Num	27
exactly	1	Episode Num	03
exactly	2	Episode Num	12
exactly	2	Episode Num	21
exactly	3	Episode Num	23
exactly	2	Episode Num	06
exactly	1	Episode Num	36
exactly	2	Episode Num	13
die	4	Episode Num	20
die	8	Episode Num	29
die	4	Episode Num	08
die	4	Episode Num	16
die	3	Episode Num	30
die	2	Episode Num	32
die	11	Episode Num	39
die	1	Episode Num	18
die	3	Episode Num	38
die	1	Episode Num	35
die	2	Episode Num	05
die	2	Episode Num	26
die	4	Episode Num	37
die	3	Episode Num	09
die	3	Episode Num	14
die	9	Episode Num	28
die	3	Episode Num	22
die	5	Episode Num	21
die	2	Episode Num	31
die	3	Episode Num	01
die	2	Episode Num	04
die	1	Episode Num	25
die	6	Episode Num	15
die	3	Episode Num	13
die	3	Episode Num	10
die	4	Episode Num	19
die	5	Episode Num	24
die	1	Episode Num	33
die	6	Episode Num	27
die	3	Episode Num	17
die	3	Episode Num	12
die	1	Episode Num	21
die	1	Episode Num	02
die	6	Episode Num	11
die	7	Episode Num	06
die	4	Episode Num	28
die	2	Episode Num	36
die	4	Episode Num	13
he'll	2	Episode Num	20
he'll	2	Episode Num	29
he'll	2	Episode Num	39
he'll	2	Episode Num	38
he'll	2	Episode Num	35
he'll	2	Episode Num	26
he'll	2	Episode Num	37
he'll	1	Episode Num	09
he'll	1	Episode Num	14
he'll	1	Episode Num	28
he'll	1	Episode Num	22
he'll	2	Episode Num	25
he'll	2	Episode Num	15
he'll	2	Episode Num	10
he'll	2	Episode Num	03
he'll	1	Episode Num	02
he'll	1	Episode Num	11
he'll	1	Episode Num	23
he'll	1	Episode Num	28
something	2	Episode Num	20
something	6	Episode Num	29
something	2	Episode Num	08
something	3	Episode Num	16
something	4	Episode Num	30
something	5	Episode Num	32
something	3	Episode Num	39
something	6	Episode Num	18
something	6	Episode Num	38
something	4	Episode Num	35
something	9	Episode Num	05
something	7	Episode Num	26
something	5	Episode Num	34
something	2	Episode Num	37
something	5	Episode Num	07
something	8	Episode Num	09
something	14	Episode Num	14
something	7	Episode Num	28
something	9	Episode Num	22
something	7	Episode Num	21
something	3	Episode Num	31
something	4	Episode Num	01
something	5	Episode Num	04
something	1	Episode Num	25
something	6	Episode Num	15
something	5	Episode Num	13
something	5	Episode Num	10
something	5	Episode Num	19
something	12	Episode Num	24
something	6	Episode Num	33
something	2	Episode Num	27
something	9	Episode Num	17
something	5	Episode Num	03
something	14	Episode Num	12
something	5	Episode Num	21
something	2	Episode Num	02
something	2	Episode Num	23
something	3	Episode Num	06
something	4	Episode Num	28
something	6	Episode Num	36
something	7	Episode Num	13
luckily	1	Episode Num	20
survived	1	Episode Num	20
survived	1	Episode Num	29
survived	2	Episode Num	30
survived	1	Episode Num	32
survived	1	Episode Num	39
survived	1	Episode Num	33
despite	1	Episode Num	20
despite	1	Episode Num	38
despite	1	Episode Num	05
despite	2	Episode Num	37
despite	1	Episode Num	14
despite	2	Episode Num	28
despite	1	Episode Num	21
despite	1	Episode Num	31
despite	1	Episode Num	04
despite	1	Episode Num	15
despite	1	Episode Num	19
despite	1	Episode Num	24
despite	1	Episode Num	27
despite	1	Episode Num	21
despite	1	Episode Num	02
despite	1	Episode Num	23
despite	1	Episode Num	28
despite	3	Episode Num	36
none	1	Episode Num	20
none	1	Episode Num	08
none	1	Episode Num	37
none	1	Episode Num	22
none	1	Episode Num	25
none	1	Episode Num	21
none	1	Episode Num	23
wounds	3	Episode Num	20
wounds	4	Episode Num	30
wounds	1	Episode Num	39
wounds	1	Episode Num	38
wounds	3	Episode Num	35
wounds	1	Episode Num	34
wounds	1	Episode Num	31
wounds	2	Episode Num	25
wounds	1	Episode Num	19
wounds	4	Episode Num	24
wounds	2	Episode Num	02
wounds	1	Episode Num	23
wounds	1	Episode Num	28
wounds	1	Episode Num	13
fatal	1	Episode Num	20
fatal	1	Episode Num	01
happened	1	Episode Num	20
happened	1	Episode Num	16
happened	2	Episode Num	30
happened	3	Episode Num	32
happened	3	Episode Num	39
happened	3	Episode Num	38
happened	2	Episode Num	35
happened	1	Episode Num	05
happened	9	Episode Num	34
happened	1	Episode Num	37
happened	3	Episode Num	07
happened	2	Episode Num	09
happened	4	Episode Num	28
happened	3	Episode Num	22
happened	1	Episode Num	31
happened	1	Episode Num	25
happened	3	Episode Num	33
happened	3	Episode Num	27
happened	5	Episode Num	17
happened	1	Episode Num	03
happened	1	Episode Num	21
happened	1	Episode Num	23
happened	1	Episode Num	36
supplies	1	Episode Num	20
supplies	1	Episode Num	31
treat	1	Episode Num	20
treat	1	Episode Num	29
treat	3	Episode Num	30
treat	1	Episode Num	26
treat	3	Episode Num	37
treat	1	Episode Num	07
treat	2	Episode Num	21
treat	2	Episode Num	31
treat	1	Episode Num	19
treat	2	Episode Num	12
treat	2	Episode Num	02
treat	1	Episode Num	11
allowing	1	Episode Num	20
survive	2	Episode Num	20
survive	2	Episode Num	29
survive	1	Episode Num	16
survive	2	Episode Num	30
survive	1	Episode Num	32
survive	2	Episode Num	39
survive	2	Episode Num	34
survive	1	Episode Num	37
survive	1	Episode Num	21
survive	1	Episode Num	25
survive	1	Episode Num	33
survive	1	Episode Num	27
survive	2	Episode Num	12
survive	2	Episode Num	21
survive	1	Episode Num	02
survive	2	Episode Num	23
survive	1	Episode Num	06
survive	1	Episode Num	13
hospital	1	Episode Num	20
hospital	1	Episode Num	29
hospital	1	Episode Num	39
hospital	1	Episode Num	09
graced	1	Episode Num	20
around	1	Episode Num	20
around	2	Episode Num	29
around	3	Episode Num	08
around	2	Episode Num	30
around	2	Episode Num	18
around	2	Episode Num	35
around	6	Episode Num	05
around	2	Episode Num	26
around	2	Episode Num	34
around	2	Episode Num	07
around	8	Episode Num	09
around	1	Episode Num	14
around	2	Episode Num	22
around	4	Episode Num	21
around	2	Episode Num	31
around	4	Episode Num	01
around	1	Episode Num	04
around	2	Episode Num	25
around	5	Episode Num	13
around	3	Episode Num	10
around	4	Episode Num	19
around	4	Episode Num	24
around	1	Episode Num	33
around	3	Episode Num	27
around	1	Episode Num	03
around	3	Episode Num	12
around	4	Episode Num	21
around	5	Episode Num	02
around	1	Episode Num	11
around	4	Episode Num	23
around	7	Episode Num	06
around	1	Episode Num	28
around	1	Episode Num	36
around	1	Episode Num	13
terms	1	Episode Num	20
might've	1	Episode Num	20
might've	1	Episode Num	29
might've	2	Episode Num	30
might've	2	Episode Num	39
might've	1	Episode Num	38
might've	1	Episode Num	35
might've	1	Episode Num	05
might've	1	Episode Num	01
might've	1	Episode Num	36
died	2	Episode Num	20
died	1	Episode Num	29
died	1	Episode Num	08
died	1	Episode Num	30
died	1	Episode Num	39
died	1	Episode Num	05
died	1	Episode Num	26
died	2	Episode Num	09
died	2	Episode Num	28
died	2	Episode Num	21
died	1	Episode Num	01
died	1	Episode Num	04
died	1	Episode Num	13
died	3	Episode Num	24
died	1	Episode Num	17
died	1	Episode Num	11
died	1	Episode Num	06
died	2	Episode Num	28
died	2	Episode Num	36
died	2	Episode Num	13
certain	1	Episode Num	20
certain	1	Episode Num	29
certain	1	Episode Num	08
certain	1	Episode Num	30
certain	1	Episode Num	32
certain	1	Episode Num	05
certain	3	Episode Num	26
certain	1	Episode Num	34
certain	1	Episode Num	01
certain	1	Episode Num	25
certain	1	Episode Num	33
certain	1	Episode Num	27
certain	1	Episode Num	03
certain	1	Episode Num	21
certain	1	Episode Num	02
certain	1	Episode Num	28
certain	1	Episode Num	36
sticky	1	Episode Num	20
sticky	1	Episode Num	04
situations	1	Episode Num	20
situations	1	Episode Num	08
situations	1	Episode Num	07
situations	1	Episode Num	31
choose	1	Episode Num	20
choose	2	Episode Num	05
choose	1	Episode Num	33
choose	1	Episode Num	17
choose	1	Episode Num	21
path	1	Episode Num	20
path	1	Episode Num	29
path	1	Episode Num	08
path	2	Episode Num	16
path	2	Episode Num	39
path	1	Episode Num	09
path	1	Episode Num	28
path	6	Episode Num	21
path	10	Episode Num	04
path	1	Episode Num	25
path	6	Episode Num	13
path	12	Episode Num	19
path	4	Episode Num	03
path	3	Episode Num	21
path	1	Episode Num	11
path	10	Episode Num	28
energy	1	Episode Num	20
energy	2	Episode Num	16
energy	1	Episode Num	18
energy	2	Episode Num	34
energy	1	Episode Num	28
energy	1	Episode Num	31
energy	1	Episode Num	04
energy	1	Episode Num	25
energy	1	Episode Num	15
energy	1	Episode Num	10
energy	5	Episode Num	24
energy	1	Episode Num	33
energy	2	Episode Num	27
energy	1	Episode Num	17
energy	1	Episode Num	21
energy	1	Episode Num	13
damn	2	Episode Num	20
damn	6	Episode Num	29
damn	8	Episode Num	08
damn	5	Episode Num	16
damn	1	Episode Num	30
damn	7	Episode Num	39
damn	9	Episode Num	18
damn	2	Episode Num	38
damn	2	Episode Num	05
damn	2	Episode Num	26
damn	1	Episode Num	34
damn	1	Episode Num	37
damn	4	Episode Num	07
damn	6	Episode Num	09
damn	6	Episode Num	14
damn	6	Episode Num	28
damn	4	Episode Num	22
damn	4	Episode Num	21
damn	1	Episode Num	31
damn	2	Episode Num	25
damn	3	Episode Num	15
damn	4	Episode Num	13
damn	10	Episode Num	10
damn	6	Episode Num	19
damn	1	Episode Num	33
damn	7	Episode Num	27
damn	1	Episode Num	17
damn	4	Episode Num	12
damn	2	Episode Num	21
damn	6	Episode Num	02
damn	13	Episode Num	11
damn	4	Episode Num	23
damn	4	Episode Num	06
damn	4	Episode Num	28
damn	1	Episode Num	36
damn	11	Episode Num	13
watch	1	Episode Num	20
watch	3	Episode Num	29
watch	2	Episode Num	08
watch	1	Episode Num	16
watch	1	Episode Num	30
watch	4	Episode Num	35
watch	2	Episode Num	05
watch	4	Episode Num	26
watch	1	Episode Num	34
watch	11	Episode Num	07
watch	1	Episode Num	22
watch	1	Episode Num	21
watch	1	Episode Num	31
watch	2	Episode Num	04
watch	2	Episode Num	13
watch	2	Episode Num	10
watch	1	Episode Num	33
watch	2	Episode Num	17
watch	2	Episode Num	03
watch	2	Episode Num	12
watch	1	Episode Num	02
watch	1	Episode Num	11
watch	1	Episode Num	23
hurry	1	Episode Num	20
hurry	3	Episode Num	29
hurry	2	Episode Num	08
hurry	3	Episode Num	16
hurry	6	Episode Num	30
hurry	2	Episode Num	32
hurry	5	Episode Num	39
hurry	1	Episode Num	18
hurry	2	Episode Num	38
hurry	7	Episode Num	35
hurry	4	Episode Num	05
hurry	1	Episode Num	34
hurry	2	Episode Num	09
hurry	6	Episode Num	28
hurry	1	Episode Num	22
hurry	6	Episode Num	31
hurry	1	Episode Num	01
hurry	1	Episode Num	04
hurry	2	Episode Num	15
hurry	1	Episode Num	13
hurry	6	Episode Num	19
hurry	2	Episode Num	24
hurry	5	Episode Num	33
hurry	2	Episode Num	17
hurry	2	Episode Num	03
hurry	5	Episode Num	12
hurry	3	Episode Num	21
hurry	1	Episode Num	02
hurry	1	Episode Num	11
hurry	1	Episode Num	28
hurry	3	Episode Num	36
nerve	1	Episode Num	20
nerve	1	Episode Num	39
making	1	Episode Num	20
making	1	Episode Num	29
making	1	Episode Num	30
making	1	Episode Num	35
making	3	Episode Num	05
making	3	Episode Num	07
making	2	Episode Num	14
making	1	Episode Num	22
making	3	Episode Num	21
making	1	Episode Num	31
making	2	Episode Num	01
making	1	Episode Num	25
making	3	Episode Num	10
making	2	Episode Num	19
making	1	Episode Num	24
making	1	Episode Num	33
making	1	Episode Num	12
making	1	Episode Num	21
making	1	Episode Num	23
making	3	Episode Num	28
late	3	Episode Num	20
late	3	Episode Num	29
late	1	Episode Num	30
late	3	Episode Num	39
late	1	Episode Num	38
late	1	Episode Num	35
late	4	Episode Num	05
late	1	Episode Num	26
late	1	Episode Num	07
late	4	Episode Num	09
late	2	Episode Num	28
late	6	Episode Num	21
late	1	Episode Num	31
late	5	Episode Num	01
late	1	Episode Num	04
late	1	Episode Num	25
late	3	Episode Num	10
late	1	Episode Num	19
late	2	Episode Num	33
late	2	Episode Num	27
late	1	Episode Num	03
late	2	Episode Num	12
late	6	Episode Num	21
late	2	Episode Num	02
late	4	Episode Num	11
late	1	Episode Num	06
late	1	Episode Num	28
late	4	Episode Num	13
night	1	Episode Num	20
night	1	Episode Num	29
night	1	Episode Num	08
night	1	Episode Num	38
night	1	Episode Num	26
night	1	Episode Num	28
night	2	Episode Num	21
night	1	Episode Num	33
night	2	Episode Num	02
night	1	Episode Num	06
already	1	Episode Num	20
already	5	Episode Num	29
already	2	Episode Num	08
already	1	Episode Num	16
already	6	Episode Num	30
already	3	Episode Num	32
already	3	Episode Num	39
already	4	Episode Num	18
already	3	Episode Num	38
already	6	Episode Num	35
already	1	Episode Num	05
already	2	Episode Num	26
already	4	Episode Num	34
already	1	Episode Num	37
already	7	Episode Num	07
already	5	Episode Num	09
already	3	Episode Num	14
already	3	Episode Num	28
already	4	Episode Num	22
already	3	Episode Num	21
already	1	Episode Num	31
already	3	Episode Num	01
already	4	Episode Num	25
already	3	Episode Num	15
already	1	Episode Num	13
already	2	Episode Num	10
already	4	Episode Num	19
already	1	Episode Num	24
already	5	Episode Num	33
already	6	Episode Num	27
already	5	Episode Num	17
already	1	Episode Num	03
already	1	Episode Num	12
already	3	Episode Num	21
already	1	Episode Num	02
already	2	Episode Num	11
already	3	Episode Num	23
already	1	Episode Num	06
already	3	Episode Num	28
already	6	Episode Num	36
already	3	Episode Num	13
wh-who	1	Episode Num	20
wh-who	1	Episode Num	08
wh-who	1	Episode Num	26
wh-who	1	Episode Num	07
wh-who	1	Episode Num	14
wh-who	2	Episode Num	25
wh-who	1	Episode Num	15
wh-who	1	Episode Num	28
k-kid	1	Episode Num	20
h-hey	1	Episode Num	20
h-hey	1	Episode Num	16
h-hey	3	Episode Num	35
h-hey	1	Episode Num	05
h-hey	4	Episode Num	34
h-hey	1	Episode Num	09
h-hey	1	Episode Num	28
h-hey	1	Episode Num	22
h-hey	1	Episode Num	04
h-hey	1	Episode Num	24
h-hey	3	Episode Num	17
h-hey	1	Episode Num	03
h-hey	1	Episode Num	23
h-hey	1	Episode Num	06
h-hey	2	Episode Num	36
doing	1	Episode Num	20
doing	1	Episode Num	29
doing	1	Episode Num	08
doing	3	Episode Num	16
doing	3	Episode Num	30
doing	4	Episode Num	39
doing	4	Episode Num	18
doing	2	Episode Num	38
doing	2	Episode Num	35
doing	5	Episode Num	05
doing	1	Episode Num	26
doing	1	Episode Num	34
doing	1	Episode Num	07
doing	3	Episode Num	09
doing	2	Episode Num	28
doing	1	Episode Num	22
doing	2	Episode Num	21
doing	3	Episode Num	31
doing	4	Episode Num	01
doing	4	Episode Num	04
doing	2	Episode Num	25
doing	3	Episode Num	15
doing	3	Episode Num	13
doing	1	Episode Num	10
doing	2	Episode Num	19
doing	3	Episode Num	33
doing	2	Episode Num	27
doing	4	Episode Num	17
doing	1	Episode Num	03
doing	3	Episode Num	12
doing	1	Episode Num	21
doing	4	Episode Num	02
doing	1	Episode Num	11
doing	1	Episode Num	23
doing	5	Episode Num	06
doing	3	Episode Num	28
doing	1	Episode Num	36
doing	3	Episode Num	13
under	2	Episode Num	20
under	6	Episode Num	29
under	1	Episode Num	08
under	2	Episode Num	16
under	7	Episode Num	30
under	8	Episode Num	32
under	3	Episode Num	39
under	1	Episode Num	38
under	1	Episode Num	35
under	2	Episode Num	05
under	2	Episode Num	26
under	2	Episode Num	34
under	2	Episode Num	09
under	3	Episode Num	14
under	1	Episode Num	28
under	5	Episode Num	22
under	3	Episode Num	21
under	4	Episode Num	31
under	2	Episode Num	01
under	1	Episode Num	04
under	2	Episode Num	25
under	5	Episode Num	15
under	1	Episode Num	13
under	4	Episode Num	10
under	3	Episode Num	19
under	2	Episode Num	24
under	3	Episode Num	33
under	3	Episode Num	27
under	8	Episode Num	17
under	2	Episode Num	03
under	3	Episode Num	12
under	3	Episode Num	21
under	2	Episode Num	02
under	2	Episode Num	23
under	4	Episode Num	06
under	1	Episode Num	28
under	3	Episode Num	36
under	5	Episode Num	13
bed	2	Episode Num	20
bed	1	Episode Num	08
bed	1	Episode Num	38
bed	1	Episode Num	09
bed	1	Episode Num	21
bed	1	Episode Num	31
bed	1	Episode Num	01
bed	1	Episode Num	04
bed	1	Episode Num	15
bed	2	Episode Num	19
bed	2	Episode Num	27
bed	2	Episode Num	03
bed	1	Episode Num	06
i-it's	2	Episode Num	20
i-it's	1	Episode Num	30
i-it's	1	Episode Num	32
i-it's	1	Episode Num	39
i-it's	1	Episode Num	18
i-it's	1	Episode Num	38
i-it's	1	Episode Num	35
i-it's	1	Episode Num	34
i-it's	1	Episode Num	37
i-it's	1	Episode Num	21
i-it's	1	Episode Num	31
i-it's	1	Episode Num	01
i-it's	2	Episode Num	04
i-it's	2	Episode Num	25
i-it's	2	Episode Num	15
i-it's	2	Episode Num	13
i-it's	1	Episode Num	19
i-it's	1	Episode Num	24
i-it's	1	Episode Num	17
i-it's	1	Episode Num	03
i-it's	1	Episode Num	02
i-it's	2	Episode Num	11
i-it's	2	Episode Num	36
kid	4	Episode Num	20
kid	2	Episode Num	08
kid	3	Episode Num	32
kid	1	Episode Num	39
kid	1	Episode Num	38
kid	4	Episode Num	35
kid	1	Episode Num	05
kid	2	Episode Num	26
kid	4	Episode Num	34
kid	1	Episode Num	09
kid	1	Episode Num	14
kid	3	Episode Num	28
kid	1	Episode Num	22
kid	3	Episode Num	21
kid	1	Episode Num	31
kid	3	Episode Num	01
kid	1	Episode Num	04
kid	1	Episode Num	13
kid	1	Episode Num	33
kid	1	Episode Num	12
kid	11	Episode Num	02
kid	3	Episode Num	11
kid	2	Episode Num	28
knife	2	Episode Num	20
knife	1	Episode Num	26
knife	1	Episode Num	21
knife	1	Episode Num	01
knife	5	Episode Num	10
knife	1	Episode Num	24
knife	1	Episode Num	33
knife	2	Episode Num	23
knife	1	Episode Num	28
th-that	1	Episode Num	20
th-that	2	Episode Num	08
th-that	2	Episode Num	30
th-that	1	Episode Num	35
th-that	2	Episode Num	26
th-that	1	Episode Num	34
th-that	2	Episode Num	37
th-that	2	Episode Num	14
th-that	3	Episode Num	31
th-that	2	Episode Num	01
th-that	4	Episode Num	25
th-that	1	Episode Num	13
th-that	3	Episode Num	10
th-that	3	Episode Num	19
th-that	1	Episode Num	24
th-that	1	Episode Num	27
th-that	3	Episode Num	03
th-that	1	Episode Num	12
th-that	1	Episode Num	11
th-that	1	Episode Num	06
th-that	3	Episode Num	13
knife's	1	Episode Num	20
knife's	1	Episode Num	10
dangerous	1	Episode Num	20
dangerous	1	Episode Num	29
dangerous	1	Episode Num	08
dangerous	1	Episode Num	39
dangerous	1	Episode Num	38
dangerous	1	Episode Num	26
dangerous	1	Episode Num	09
dangerous	3	Episode Num	14
dangerous	2	Episode Num	28
dangerous	1	Episode Num	21
dangerous	1	Episode Num	31
dangerous	1	Episode Num	01
dangerous	1	Episode Num	04
dangerous	1	Episode Num	25
dangerous	1	Episode Num	19
dangerous	1	Episode Num	24
dangerous	1	Episode Num	17
dangerous	1	Episode Num	12
dangerous	2	Episode Num	02
dangerous	2	Episode Num	06
dangerous	1	Episode Num	28
put	3	Episode Num	20
put	2	Episode Num	08
put	2	Episode Num	32
put	1	Episode Num	39
put	1	Episode Num	18
put	1	Episode Num	38
put	1	Episode Num	35
put	1	Episode Num	05
put	1	Episode Num	09
put	1	Episode Num	22
put	3	Episode Num	21
put	3	Episode Num	01
put	2	Episode Num	04
put	1	Episode Num	25
put	1	Episode Num	15
put	2	Episode Num	13
put	1	Episode Num	10
put	4	Episode Num	19
put	4	Episode Num	24
put	2	Episode Num	27
put	3	Episode Num	03
put	2	Episode Num	12
put	3	Episode Num	21
put	1	Episode Num	02
put	2	Episode Num	11
put	1	Episode Num	23
put	1	Episode Num	06
put	1	Episode Num	36
put	2	Episode Num	13
